{
    "language": "ar",
    "passages": 2061414,
    "documents": 656982,
    "mean_document_length": 950.5924072265625,
    "mean_title_length": 15.695849418640137,
    "min_document_length": 1,
    "min_title_length": 1,
    "max_document_length": 214076,
    "max_title_length": 129,
    "unigram_freq_doc": {
        "\u0641\u064a": 94214,
        "\u0643\u0627\u0646": 21620,
        "\u0628\u0644\u063a": 19480,
        "\u0648\u0641\u064a": 19147,
        "\u0648\u0642\u062f": 17833,
        "\u0628\u0639\u062f": 17691,
        "\u0645\u0646": 16805,
        "-": 14640,
        "\u062a\u0645": 14406,
        "\u0648": 13919,
        "\u0643\u0627\u0646\u062a": 13048,
        "\u0643\u0645\u0627": 12365,
        "\u0648\u0644\u062f": 12300,
        "\u0642\u062f": 11910,
        "\u0642\u0627\u0645": 11898,
        "\u2022": 10070,
        "\u0625\u0646": 9124,
        "\u0627\u0644\u0645\u0648\u0642\u0639": 8324,
        "\u0628\u062f\u0623": 7799,
        "\u064a\u0645\u0643\u0646": 7398,
        "\u0639\u0644\u0649": 7371,
        "\u0648\u0645\u0646": 7214,
        "\u0623\u0645\u0627": 6996,
        "\u0647\u0646\u0627\u0643": 6825,
        "\u0644\u0639\u0628": 6490,
        "\u0647\u0648": 6488,
        "\u064a\u0628\u0644\u063a": 5862,
        "\u062a\u0642\u0639": 5769,
        "\u0648\u0643\u0627\u0646": 5545,
        "\u0644\u0645": 5253,
        "\u0644\u0627": 5251,
        "\u062a\u0648\u0641\u064a": 5147,
        "\u062e\u0644\u0627\u0644": 4988,
        "\u0642\u0631\u064a\u0629": 4908,
        "\u0645\u062d\u0645\u062f": 4808,
        "\u0641\u064a\u0645\u0627": 4796,
        "\u0647\u0630\u0647": 4779,
        "\u0644\u0642\u062f": 4689,
        "\u0642\u0627\u0644": 4676,
        "\u0647\u064a": 4668,
        "\u062a\u0639\u062a\u0628\u0631": 4642,
        "\u064a\u062a\u0645": 4594,
        "\u0622\u064a\u062a": 4583,
        "\u064a\u0648\u062c\u062f": 4542,
        "\u064a\u0639\u062a\u0628\u0631": 4537,
        "\u0628\u0644\u062f\u064a\u0629": 4373,
        "": 4369,
        "\u062d\u0635\u0644": 4347,
        "\u0623\u0648\u0644\u0627\u062f": 4346,
        "\u0639\u0646\u062f\u0645\u0627": 4320
    },
    "unigram_freq_title": {
        "\u0645\u062d\u0645\u062f": 27984,
        "\u0639\u0628\u062f": 23353,
        "\u0642\u0627\u0626\u0645\u0629": 17413,
        "\u062a\u0627\u0631\u064a\u062e": 16062,
        "\u0623\u062d\u0645\u062f": 9944,
        "\u0645\u0639\u0631\u0643\u0629": 7970,
        "\u062c\u0627\u0645\u0639\u0629": 7946,
        "\u0623\u0628\u0648": 7933,
        "\u0646\u0627\u062f\u064a": 7285,
        "\u0639\u0644\u064a": 7153,
        "\u0639\u0644\u0645": 6820,
        "\u0627\u0644\u0643\u0648\u064a\u0643\u0628": 6076,
        "\u062c\u0648\u0646": 5713,
        "\u0643\u0644\u064a\u0629": 5416,
        "\u0623\u0648\u0644\u0627\u062f": 5156,
        "\u0643\u0623\u0633": 5146,
        "\u0645\u0642\u0627\u0637\u0639\u0629": 5015,
        "\u0627\u0628\u0646": 4906,
        "\u0645\u0633\u062c\u062f": 4892,
        "\u0622\u064a\u062a": 4892,
        "\u0628\u0637\u0648\u0644\u0629": 4743,
        "\u0645\u062a\u0644\u0627\u0632\u0645\u0629": 4466,
        "\u0627\u0644\u062d\u0631\u0628": 4438,
        "\u0627\u0644\u0645\u0633\u064a\u062d\u064a\u0629": 4205,
        "\u0625\u0628\u0631\u0627\u0647\u064a\u0645": 3795,
        "\u0627\u0644\u0639\u0644\u0627\u0642\u0627\u062a": 3612,
        "\u062c\u0627\u0626\u0632\u0629": 3607,
        "\u062d\u0642\u0648\u0642": 3593,
        "\u0646\u0638\u0631\u064a\u0629": 3526,
        "\u062c\u0648\u0631\u062c": 3445,
        "\u0628\u064a\u062a": 3422,
        "\u0646\u0638\u0627\u0645": 3408,
        "\u0645\u062d\u0645\u0648\u062f": 3251,
        "\u062d\u0631\u0628": 3175,
        "\u0644\u063a\u0629": 3132,
        "\u0648\u0644\u0627\u064a\u0629": 3116,
        "\u0627\u0644\u062a\u0647\u0627\u0628": 3103,
        "\u0645\u062a\u062d\u0641": 3090,
        "\u062d\u0633\u0646": 3069,
        "\u062e\u0627\u0644\u062f": 2831,
        "\u0645\u0631\u0643\u0632": 2831,
        "\u0639\u0645\u0644\u064a\u0629": 2824,
        "\u0645\u062d\u0627\u0641\u0638\u0629": 2801,
        "\u0642\u0627\u0646\u0648\u0646": 2771,
        "\u0627\u0644\u062f\u0648\u0631\u064a": 2746,
        "\u0627\u0644\u062e\u0637": 2722,
        "\u0639\u0645\u0631": 2695,
        "\u0648\u0632\u0627\u0631\u0629": 2647,
        "\u0648\u0627\u062f\u064a": 2624,
        "\u0645\u0646\u0637\u0642\u0629": 2613
    },
    "digram_freq_doc": {
        "\u0641\u064a \u0639\u0627\u0645": 17949,
        "\u0628\u0644\u063a \u0639\u062f\u062f": 11165,
        "\u0642\u0627\u0645 \u0645\u0643\u062a\u0628": 8151,
        "\u0628\u0644\u063a \u0645\u062a\u0648\u0633\u0637": 7947,
        "\u0627\u0644\u0645\u0648\u0642\u0639 \u0627\u0644\u062c\u063a\u0631\u0627\u0641\u064a": 7439,
        "\u0642\u062f \u064a\u0642\u0635\u062f": 7156,
        "\u064a\u0628\u0644\u063a \u0639\u062f\u062f": 4839,
        "\u0641\u064a\u0645\u0627 \u064a\u0644\u064a": 4263,
        "\u0644\u0639\u0628 \u0645\u0639": 3925,
        "\u0648\u0641\u064a \u0639\u0627\u0645": 3778,
        "\u0639\u0644\u0649 \u0627\u0644\u0631\u063a\u0645": 3406,
        "\u0643\u0628\u0627\u0642\u064a \u0643\u0648\u064a\u0643\u0628\u0627\u062a": 3280,
        "\u062a\u0639\u0644\u0645 \u0641\u064a": 2846,
        "\u062d\u0635\u0644 \u0639\u0644\u0649": 2836,
        "\u0648\u0644\u062f \u0641\u064a": 2799,
        "\u0648 \u0642\u062f": 2618,
        "\u062e\u0627\u0636 \u062e\u0644\u0627\u0644": 2135,
        "\u0634\u0627\u0631\u0643 \u0641\u064a": 2085,
        "\u0641\u064a \u0633\u0646\u0629": 1919,
        "\u0647\u0630\u0647 \u0642\u0627\u0626\u0645\u0629": 1816,
        "\u064a\u0645\u0643\u0646 \u0623\u0646": 1784,
        "\u0628\u0639\u062f \u0623\u0646": 1766,
        "\u062a\u0648\u0641\u064a \u0641\u064a": 1736,
        "\u0628\u0627\u0644\u0625\u0636\u0627\u0641\u0629 \u0625\u0644\u0649": 1705,
        "\u0628\u062f\u0623 \u0645\u0633\u064a\u0631\u062a\u0647": 1473,
        "\u0648\u0642\u062f \u062a\u0645": 1441,
        "\u062a\u062f\u0648\u0631 \u0623\u062d\u062f\u0627\u062b": 1426,
        "\u0648 \u0641\u064a": 1354,
        "\u0641\u064a \u064a\u0648\u0645": 1323,
        "\u064a\u0648\u062c\u062f \u0641\u064a": 1238,
        "\u0634\u0627\u0631\u0643\u062a \u0641\u064a": 1214,
        "\u0643\u0645\u0627 \u0623\u0646": 1047,
        "\u0641\u064a \u0628\u062f\u0627\u064a\u0629": 1040,
        "\u0639\u0628\u062f \u0627\u0644\u0644\u0647": 1008,
        "\u0645\u0646 \u0623\u0647\u0645": 994,
        "\u0641\u064a \u062d\u064a\u0646": 988,
        "\u0648\u0639\u0644\u0649 \u0627\u0644\u0631\u063a\u0645": 972,
        "\u0628\u0627\u0644\u0631\u063a\u0645 \u0645\u0646": 960,
        "\u0628\u0639\u062f \u0648\u0641\u0627\u0629": 894,
        "\u0644\u0645 \u064a\u0643\u0646": 887,
        "\u0623\u0645\u0627 \u0641\u064a": 880,
        "\u0643\u0627\u0646 \u0645\u0646": 875,
        "\u0641\u064a \u0623\u0648\u0627\u062e\u0631": 866,
        "\u0642\u062f \u062a\u0634\u064a\u0631": 858,
        "\u0628\u0644\u063a\u062a \u062a\u0643\u0644\u0641\u0629": 843,
        "\u0641\u064a \u0627\u0644\u0639\u0627\u0645": 823,
        "\u062a\u0648\u0644\u0649 \u0645\u0646\u0635\u0628": 810,
        "\u0641\u064a \u0647\u0630\u0647": 794,
        "\u0647\u0646\u0627\u0643 \u0627\u0644\u0639\u062f\u064a\u062f": 791,
        "\u0639\u0627\u062f\u0629 \u0645\u0627": 787
    },
    "digram_freq_title": {
        "\u0639\u0628\u062f \u0627\u0644\u0644\u0647": 6515,
        "\u0645\u062d\u0645\u062f \u0628\u0646": 4638,
        "\u0627\u0644\u0645\u0633\u064a\u062d\u064a\u0629 \u0641\u064a": 3858,
        "\u0639\u0628\u062f \u0627\u0644\u0631\u062d\u0645\u0646": 2895,
        "\u0627\u0644\u062e\u0637 \u0627\u0644\u0632\u0645\u0646\u064a": 2466,