{
    "language": "bn",
    "passages": 297265,
    "documents": 63762,
    "mean_document_length": 1711.262451171875,
    "mean_title_length": 16.184764862060547,
    "min_document_length": 3,
    "min_title_length": 1,
    "max_document_length": 475484,
    "max_title_length": 93,
    "unigram_freq_doc": {
        "\u098f\u0987": 8023,
        "\u09ad\u09be\u09b0\u09a4\u09c7\u09b0": 3271,
        "\u098f\u0996\u09be\u09a8\u09c7": 3100,
        "\u09a4\u09bf\u09a8\u09bf": 2698,
        "\u09e8\u09e6\u09e7\u09e7": 1713,
        "\u09b6\u09b9\u09b0\u099f\u09bf\u09b0": 1294,
        "\u098f": 1241,
        "\u098f\u099f\u09bf": 1158,
        "\u09ac\u09be\u0982\u09b2\u09be\u09a6\u09c7\u09b6\u09c7\u09b0": 1065,
        "\u098f\u0995\u099f\u09bf": 1015,
        "\u09aa\u09cd\u09b0\u09a5\u09ae": 987,
        "\u09ac\u09b0\u09cd\u09a4\u09ae\u09be\u09a8\u09c7": 950,
        "\u09ac\u09be\u0982\u09b2\u09be\u09a6\u09c7\u09b6": 948,
        "\u09a4\u09be\u09b0": 882,
        "\u09e7\u09ef\u09ed\u09e7": 877,
        "\u09a4\u09be\u0981\u09b0": 803,
        "\u09e8\u09e6\u09e6\u09ee": 783,
        "\u09a6\u09cd\u09ac\u09bf\u09a4\u09c0\u09af\u09bc": 783,
        "\u09e8\u09e6\u09e6\u09ec": 758,
        "\u09e8\u09e6\u09e7\u09ea": 709,
        "\u09e8\u09e6\u09e7\u09e8": 698,
        "\u09e8\u09e6\u09e7\u09e6": 691,
        "\u09af\u09a6\u09bf\u0993": 641,
        "\u09e8\u09e6\u09e7\u09e9": 637,
        "\u09e7": 635,
        "\u09e8\u09e6\u09e7\u09eb": 628,
        "\u09e8\u09e6\u09e6\u09ed": 600,
        "\u09e8\u09e6\u09e6\u09ef": 595,
        "\u09a6\u09cd\u09af": 593,
        "\u09e8\u09e6\u09e7\u09ec": 564,
        "\u0995\u09bf\u099b\u09c1": 558,
        "\u09e8\u09e6\u09e7\u09ee": 549,
        "": 535,
        "\u098f\u09b0": 527,
        "\u09a6\u0995\u09cd\u09b7\u09bf\u09a3": 522,
        "\u098f\u099b\u09be\u09a1\u09bc\u09be\u0993": 521,
        "\u09ac\u09bf\u09ad\u09bf\u09a8\u09cd\u09a8": 513,
        "\u098f\u09b0\u09aa\u09b0": 505,
        "\u09ad\u09be\u09b0\u09a4\u09c0\u09af\u09bc": 489,
        "\u09e8\u09e6\u09e6\u09e7": 481,
        "\u09aa\u09cd\u09b0\u09be\u099a\u09c0\u09a8": 461,
        "\u09ac\u09be\u0982\u09b2\u09be": 439,
        "\u09e8\u09e6\u09e7\u09ed": 435,
        "\u0985\u09a8\u09c7\u0995": 425,
        "\u09e8": 421,
        "\u09e8\u09e6\u09e6\u09eb": 417,
        "\u09af\u09c7": 413,
        "\u0989\u09a4\u09cd\u09a4\u09b0": 400,
        "\u09e8\u09e6\u09e6\u09ea": 394,
        "\u09b8\u09ae\u0997\u09cd\u09b0": 383
    },
    "unigram_freq_title": {
        "\u09ac\u09be\u0982\u09b2\u09be\u09a6\u09c7\u09b6\u09c7\u09b0": 1477,
        "\u09ac\u09be\u0982\u09b2\u09be\u09a6\u09c7\u09b6": 1446,
        "\u09a6\u09cd\u09af": 1203,
        "\u09b8\u09c2\u09b0\u09be": 1166,
        "\u09ae\u09cb\u09b9\u09be\u09ae\u09cd\u09ae\u09a6": 969,
        "\u099c\u09a8": 880,
        "\u09ad\u09be\u09b0\u09a4\u09c0\u09af\u09bc": 845,
        "\u09ad\u09be\u09b0\u09a4\u09c7\u09b0": 808,
        "\u09e8\u09e6\u09e6\u09ee": 767,
        "\u09ac\u09be\u0982\u09b2\u09be": 687,
        "\u09ae\u09c0\u09b0": 687,
        "\u0986\u09ac\u09a6\u09c1\u09b2": 684,
        "\u09ac\u09be\u0982\u09b2\u09be\u09a6\u09c7\u09b6\u09c7": 654,
        "\u09a6\u0995\u09cd\u09b7\u09bf\u09a3": 613,
        "\u09aa\u09cd\u09b0\u09a5\u09ae": 593,
        "\u09a2\u09be\u0995\u09be": 575,
        "\u0989\u09a4\u09cd\u09a4\u09b0": 567,
        "\u09ae\u09c1\u09b9\u09be\u09ae\u09cd\u09ae\u09a6": 550,
        "\u099c\u09b0\u09cd\u099c": 537,
        "\u0986\u09a8\u09cd\u09a4\u09b0\u09cd\u099c\u09be\u09a4\u09bf\u0995": 537,
        "\u09b9\u09cd\u09af\u09be\u09b0\u09bf": 477,
        "\u0986\u09ac\u09c1": 476,
        "\u09ad\u09be\u09b0\u09a4\u09c7": 469,
        "\u09b8\u09c8\u09af\u09bc\u09a6": 462,
        "\u09e8\u09e6\u09e7\u09ee": 452,
        "\u099c\u09be\u09a4\u09c0\u09af\u09bc": 444,
        "\u09a1\u09c7\u09ad\u09bf\u09a1": 418,
        "\u09a6\u09cd\u09ac\u09bf\u09a4\u09c0\u09af\u09bc": 414,
        "\u09b0\u09ac\u09be\u09b0\u09cd\u099f": 411,
        "\u09e8\u09e6\u09e7\u09ec": 397,
        "\u099c\u09c7\u09ae\u09b8": 395,
        "\u09e8\u09e6\u09e7\u09ea": 392,
        "\u0986\u09ac\u09c1\u09b2": 390,
        "\u09aa\u09c2\u09b0\u09cd\u09ac": 389,
        "\u09b6\u09c7\u0996": 375,
        "\u09aa\u09b6\u09cd\u099a\u09bf\u09ae": 372,
        "\u09b0\u09bf\u099a\u09be\u09b0\u09cd\u09a1": 365,
        "\u09aa\u09bf\u099f\u09be\u09b0": 361,
        "\u099a\u099f\u09cd\u099f\u0997\u09cd\u09b0\u09be\u09ae": 359,
        "\u0995\u09b2\u0995\u09be\u09a4\u09be": 355,
        "\u098f": 349,
        "\u0986\u09ac\u09cd\u09a6\u09c1\u09b2": 343,
        "\u0986\u09b2": 328,
        "\u099c\u09cd\u09af\u09be\u0995": 320,
        "\u0995\u09be\u099c\u09c0": 317,
        "\u09ac\u09bf\u09b6\u09cd\u09ac": 311,
        "\u0989\u0987\u09b2\u09bf\u09af\u09bc\u09be\u09ae": 295,
        "\u09b0\u09be\u099c\u09b6\u09be\u09b9\u09c0": 288,
        "\u0995\u09c1\u09b0\u0986\u09a8\u09c7\u09b0": 288,
        "\u09b6\u09be\u09b9": 287
    },
    "digram_freq_doc": {
        "\u09ad\u09be\u09b0\u09a4\u09c7\u09b0 \u09e8\u09e6\u09e6\u09e7": 2602,
        "\u098f\u0996\u09be\u09a8\u09c7 \u09b8\u09be\u0995\u09cd\u09b7\u09b0\u09a4\u09be\u09b0": 2599,
        "\u098f\u0987 \u09b6\u09b9\u09b0\u09c7\u09b0": 2551,
        "\u09b6\u09b9\u09b0\u099f\u09bf\u09b0 \u0985\u09ac\u09b8\u09cd\u09a5\u09be\u09a8\u09c7\u09b0": 1268,
        "\u09e8\u09e6\u09e7\u09e7 \u09b8\u09be\u09b2\u09c7\u09b0": 1247,
        "\u09e7\u09ef\u09ed\u09e7 \u09b8\u09be\u09b2\u09c7\u09b0": 455,
        "\u09e8\u09e6\u09e7\u09ee \u09b8\u09be\u09b2\u09c7\u09b0": 381,
        "\u09e7\u09ef\u09ed\u09e7 \u09b8\u09be\u09b2\u09c7": 353,
        "\u09e8\u09e6\u09e7\u09eb \u09b8\u09be\u09b2\u09c7\u09b0": 322,
        "\u09e8\u09e6\u09e7\u09e7 \u09b8\u09be\u09b2\u09c7": 315,
        "\u09e8\u09e6\u09e7\u09ea \u09b8\u09be\u09b2\u09c7\u09b0": 307,
        "\u09e8\u09e6\u09e6\u09ec \u09b8\u09be\u09b2\u09c7": 301,
        "\u09e8\u09e6\u09e7\u09e8 \u09b8\u09be\u09b2\u09c7\u09b0": 295,
        "\u09e8\u09e6\u09e7\u09e9 \u09b8\u09be\u09b2\u09c7\u09b0": 294,
        "\u09e8\u09e6\u09e6\u09ec \u09b8\u09be\u09b2\u09c7\u09b0": 294,
        "\u09e8\u09e6\u09e7\u09e6 \u09b8\u09be\u09b2\u09c7": 284,
        "\u09e8\u09e6\u09e7\u09e6 \u09b8\u09be\u09b2\u09c7\u09b0": 278,
        "\u09b8\u09ae\u0997\u09cd\u09b0 \u0996\u09c7\u09b2\u09cb\u09af\u09bc\u09be\u09a1\u09bc\u09c0": 278,
        "\u09e8\u09e6\u09e6\u09ee \u09b8\u09be\u09b2\u09c7\u09b0": 269,
        "\u09e8\u09e6\u09e7\u09e8 \u09b8\u09be\u09b2\u09c7": 263,
        "\u09e8\u09e6\u09e6\u09ef \u09b8\u09be\u09b2\u09c7\u09b0": 258,
        "\u09e8\u09e6\u09e6\u09ed \u09b8\u09be\u09b2\u09c7": 253,
        "\u09e8\u09e6\u09e7\u09ea \u09b8\u09be\u09b2\u09c7": 252,
        "\u09e8\u09e6\u09e6\u09ee \u09b8\u09be\u09b2\u09c7": 251,
        "\u09e8\u09e6\u09e6\u09ef \u09b8\u09be\u09b2\u09c7": 248,
        "\u09e8\u09e6\u09e7\u09ec \u09b8\u09be\u09b2\u09c7\u09b0": 246,
        "\u09e8\u09e6\u09e6\u09e7 \u09b8\u09be\u09b2\u09c7\u09b0": 244,
        "\u09e8\u09e6\u09e6\u09ed \u09b8\u09be\u09b2\u09c7\u09b0": 242,
        "\u0986\u0987\u0987\u0989\u09b8\u09bf\u098f\u09a8 \u09ac\u09be\u0982\u09b2\u09be\u09a6\u09c7\u09b6": 242,
        "\u09e8\u09e6\u09e7\u09e9 \u09b8\u09be\u09b2\u09c7": 236,
        "\u09e8\u09e6\u09e7\u09ed \u09b8\u09be\u09b2\u09c7\u09b0": 236,
        "\u09a6\u09cd\u09ac\u09bf\u09a4\u09c0\u09af\u09bc \u09ac\u09bf\u09b6\u09cd\u09ac\u09af\u09c1\u09a6\u09cd\u09a7\u09c7\u09b0": 225,
        "\u09e8\u09e6\u09e6\u09ea \u09b8\u09be\u09b2\u09c7": 215,
        "\u09e8\u09e6\u09e6\u09eb \u09b8\u09be\u09b2\u09c7": 215,
        "\u09e8\u09e6\u09e6\u09e9 \u09b8\u09be\u09b2\u09c7": 207,
        "\u09e8\u09e6\u09e7\u09eb \u09b8\u09be\u09b2\u09c7": 199,
        "\u09e7\u09ef\u09ea\u09ed \u09b8\u09be\u09b2\u09c7": 179,
        "\u09e8\u09e6\u09e7\u09ec \u09b8\u09be\u09b2\u09c7": 176,
        "\u09e8\u09e6\u09e6\u09e8 \u09b8\u09be\u09b2\u09c7": 175,
        "\u098f\u099f\u09bf \u098f\u0995\u099f\u09bf": 172,