{
    "language": "es",
    "passages": 10373953,
    "documents": 1669181,
    "mean_document_length": -185.77969360351562,
    "mean_title_length": 19.589170455932617,
    "min_document_length": 3,
    "min_title_length": 1,
    "max_document_length": 473251,
    "max_title_length": 219,
    "unigram_freq_doc": {
        "el": 1429044,
        "en": 1246753,
        "la": 965234,
        "los": 295402,
        "se": 254568,
        "a": 195316,
        "las": 185809,
        "fue": 138636,
        "su": 124324,
        "es": 121356,
        "seg\u00fan": 114554,
        "durante": 104943,
        "tras": 84551,
        "desde": 78935,
        "al": 75051,
        "para": 72489,
        "despu\u00e9s": 69510,
        "de": 67167,
        "una": 66081,
        "un": 65739,
        "entre": 65583,
        "por": 64428,
        "con": 62531,
        "esta": 59534,
        "como": 54225,
        "tambi\u00e9n": 48756,
        "este": 47759,
        "cuando": 40809,
        "adem\u00e1s": 39977,
        "aunque": 34620,
        "sus": 31429,
        "sin": 30420,
        "no": 28167,
        "ha": 27839,
        "naci\u00f3": 27266,
        "actualmente": 25532,
        "luego": 24832,
        "est\u00e1": 22401,
        "mientras": 21706,
        "si": 21343,
        "debido": 20034,
        "habita": 19942,
        "hay": 19668,
        "algunos": 18733,
        "existen": 16354,
        "the": 16100,
        "-": 15997,
        "m\u00e1s": 15909,
        "posteriormente": 15837,
        "antes": 15718
    },
    "unigram_freq_title": {
        "municipio": 88583,
        "historia": 86235,
        "la": 82798,
        "el": 79539,
        "jos\u00e9": 74300,
        "the": 65908,
        "juan": 63508,
        "estaci\u00f3n": 43484,
        "iglesia": 41181,
        "batalla": 40958,
        "club": 39490,
        "san": 35754,
        "carlos": 35346,
        "elecciones": 34888,
        "distrito": 34253,
        "campeonato": 34163,
        "luis": 31415,
        "francisco": 31302,
        "r\u00edo": 30269,
        "los": 28729,
        "museo": 27952,
        "manuel": 27608,
        "mar\u00eda": 27103,
        "universidad": 26869,
        "parque": 26182,
        "pedro": 25450,
        "copa": 25322,
        "john": 23847,
        "antonio": 23633,
        "partido": 22920,
        "guerra": 22715,
        "provincia": 20176,
        "castillo": 20040,
        "jorge": 19291,
        "miguel": 18965,
        "l\u00ednea": 18260,
        "liga": 17674,
        "casa": 17494,
        "fernando": 17077,
        "cant\u00f3n": 16632,
        "david": 16493,
        "palacio": 16343,
        "condado": 16243,
        "relaciones": 15203,
        "las": 15141,
        "catedral": 15121,
        "selecci\u00f3n": 15031,
        "isla": 14956,
        "aeropuerto": 14310,
        "centro": 14171
    },
    "digram_freq_doc": {
        "en el": 184341,
        "en la": 127783,
        "se encuentra": 81220,
        "despu\u00e9s de": 59564,
        "seg\u00fan el": 56273,
        "el municipio": 52433,
        "en los": 38392,
        "durante la": 34626,
        "en su": 27068,
        "sin embargo": 26949,
        "en las": 26361,
        "a partir": 25470,
        "es un": 24896,
        "seg\u00fan la": 24720,
        "fue descrita": 23649,
        "a pesar": 23629,
        "tras la": 23554,
        "la primera": 22776,
        "durante el": 22233,
        "el primer": 22203,
        "naci\u00f3 en": 21273,
        "habita en": 19566,
        "el nombre": 19504,
        "adem\u00e1s de": 18525,
        "desde el": 17731,
        "a finales": 17493,
        "el t\u00e9rmino": 17416,
        "debido a": 16981,
        "es una": 16201,
        "entre los": 16142,
        "con la": 15902,
        "luego de": 15841,
        "con el": 15008,
        "en enero": 14923,
        "la estaci\u00f3n": 14835,
        "la ciudad": 14829,
        "de acuerdo": 14548,
        "a principios": 14521,
        "la pel\u00edcula": 13850,
        "la iglesia": 13843,
        "nacido en": 13217,
        "en julio": 13198,
        "durante su": 12867,
        "en marzo": 12787,
        "esta especie": 12784,
        "antes de": 12781,
        "particip\u00f3 en": 12698,
        "en un": 12518,
        "en este": 12433,
        "en junio": 12380
    },
    "digram_freq_title": {
        "municipio de": 81148,
        "historia de": 58121,
        "batalla de": 35832,
        "iglesia de": 32430,
        "estaci\u00f3n de": 27337,
        "distrito de": 26290,
        "historia del": 20542,
        "provincia de": 18212,
        "castillo de": 17124,
        "condado de": 16058,
        "cant\u00f3n de": 13420,
        "catedral de": 12706,
        "parque nacional": 11976,
        "selecci\u00f3n de": 11877,
        "campeonato de": 10678,
        "club atl\u00e9tico": 10052,
        "museo de": 10018,
        "universidad de": 9864,
        "jos\u00e9 mar\u00eda": 9790,
        "club deportivo": 9502,
        "palacio de": 9157,
        "guerra de": 9084,
        "pandemia de": 8499,
        "casa de": 8085,
        "elecciones generales": 7848,
        "di\u00f3cesis de": 7694,
        "jard\u00edn bot\u00e1nico": 7648,
        "econom\u00eda de": 7501,
        "monasterio de": 6915,
        "departamento de": 6891,
        "geograf\u00eda de": 6889,
        "juan de": 6630,
        "aeropuerto internacional": 6535,
        "campeonato mundial": 6368,
        "jos\u00e9 luis": 6297,
        "copa de": 5995,
        "aeropuerto de": 5649,
        "sistema de": 5501,
        "primera divisi\u00f3n": 5483,
        "ley de": 5439,
        "facultad de": 5386,
        "cultura de": 5309,
        "centro de": 5300,
        "teor\u00eda de": 5250,
        "elecciones presidenciales": 5163,
        "escudo de": 5074,
        "reino de": 5010,
        "gran premio": 4980,
        "juan carlos": 4980,
        "plaza de": 4972
    }
}