{
    "language": "fa",
    "passages": 2207172,
    "documents": 857827,
    "mean_document_length": 638.994873046875,
    "mean_title_length": 14.29970645904541,
    "min_document_length": 1,
    "min_title_length": 1,
    "max_document_length": 170651,
    "max_title_length": 132,
    "unigram_freq_doc": {
        "\u062f\u0631": 151517,
        "\u0627\u06cc\u0646": 112828,
        "\u0627\u0632": 69619,
        "\u0648\u06cc": 50975,
        "\u0627\u0648": 25164,
        "\u0628\u0647": 16363,
        "\u0633\u06cc\u0627\u0631\u06a9": 16264,
        "\u0628\u0627": 15302,
        "\u067e\u0633": 15223,
        "\u0642\u062f\u0631": 12872,
        "\u0628\u0631": 12522,
        "\u0634\u0647\u0631": 11749,
        "\u0634\u0647\u0631\u0633\u062a\u0627\u0646": 10335,
        "\u0641\u0631\u0648\u062f\u06af\u0627\u0647": 9715,
        "\u06cc\u06a9": 9500,
        "\u06cc\u0648\u0627\u0633\u200c\u0627\u0633": 8139,
        "\u0628\u0631\u0627\u06cc": 7985,
        "\u062a\u067e\u0647": 7929,
        "\u0628\u062e\u0634": 7266,
        "\u06cc\u06a9\u06cc": 6034,
        "\u0647\u0645\u0686\u0646\u06cc\u0646": 5837,
        "\u0628\u0631\u062e\u06cc": 5257,
        "\u0646\u0627\u0645": 4756,
        "\u0627\u0648\u0644\u06cc\u0646": 4749,
        "\u0627\u0686\u200c\u0627\u0645\u200c\u0627\u0633": 4401,
        "\u0634\u0631\u06a9\u062a": 4339,
        "\u0627\u06af\u0631": 4092,
        "\u0645\u062d\u0645\u062f": 4079,
        "-": 4035,
        "\u0646\u0627\u062d\u06cc\u0647": 3795,
        "\u062c\u0627\u0646": 3574,
        "\u0628\u0627\u0634\u06af\u0627\u0647": 3449,
        "\u0628\u0639\u062f": 3383,
        "\u062f\u0627\u0646\u0634\u06af\u0627\u0647": 3354,
        "\u0646\u062e\u0633\u062a\u06cc\u0646": 3307,
        "\u0647\u0631": 3256,
        "\u062f\u0648": 3146,
        "\u062c\u0645\u0639\u06cc\u062a": 3095,
        "\u0633\u06cc\u062f": 3085,
        "\u0641\u0647\u0631\u0633\u062a": 3083,
        "\u062f\u0627\u0633\u062a\u0627\u0646": 3059,
        "\u062a\u06cc\u0645": 3009,
        "\u062a\u0627": 2988,
        "\u06a9\u0647": 2875,
        "wikipedia": 2858,
        "\u0627\u0633\u062a\u0627\u0646": 2829,
        "\u0637\u0628\u0642": 2792,
        "": 2791,
        "\u0645\u0648\u0642\u0639\u06cc\u062a": 2775,
        "\u0648": 2711
    },
    "unigram_freq_title": {
        "\u0633\u06cc\u0627\u0631\u06a9": 21362,
        "\u0641\u0647\u0631\u0633\u062a": 16258,
        "\u0634\u0647\u0631\u0633\u062a\u0627\u0646": 15980,
        "\u0641\u0631\u0648\u062f\u06af\u0627\u0647": 10397,
        "\u0628\u0627\u0634\u06af\u0627\u0647": 10201,
        "\u0628\u062e\u0634": 8890,
        "\u062f\u0627\u0646\u0634\u06af\u0627\u0647": 8558,
        "\u0633\u06cc\u062f": 8555,
        "\u062a\u0627\u0631\u06cc\u062e": 8395,
        "\u0645\u062d\u0645\u062f": 8353,
        "\u06cc\u0648\u0627\u0633\u200c\u0627\u0633": 8256,
        "\u062a\u067e\u0647": 8206,
        "\u0627\u0633\u062a\u0627\u0646": 6361,
        "\u062c\u0627\u0646": 6323,
        "\u062f\u0647\u0633\u062a\u0627\u0646": 5663,
        "\u062c\u0646\u06af": 5449,
        "\u0632\u0628\u0627\u0646": 5367,
        "\u0639\u0644\u06cc": 5121,
        "\u062c\u0627\u0645": 4494,
        "\u0646\u0628\u0631\u062f": 4466,
        "\u0627\u0686\u200c\u0627\u0645\u200c\u0627\u0633": 4441,
        "\u0646\u0627\u062d\u06cc\u0647": 4375,
        "\u0627\u062d\u0645\u062f": 3947,
        "\u062d\u0633\u06cc\u0646": 3837,
        "\u062c\u0627\u06cc\u0632\u0647": 3789,
        "\u062e\u0627\u0646\u0647": 3686,
        "\u062a\u06cc\u0645": 3620,
        "\u0642\u0644\u0639\u0647": 3569,
        "\u0632\u0645\u06cc\u0646\u200c\u0644\u0631\u0632\u0647": 3518,
        "\u0627\u0646\u062a\u062e\u0627\u0628\u0627\u062a": 3311,
        "\u0645\u0633\u062c\u062f": 3292,
        "\u0631\u0648\u0627\u0628\u0637": 3286,
        "\u0627\u0646\u062f\u06cc\u0633": 3196,
        "\u06af\u0631\u0648\u0647": 3084,
        "\u062d\u0633\u0646": 3046,
        "\u067e\u0644": 2900,
        "\u062d\u0632\u0628": 2892,
        "\u062f\u06cc\u0648\u06cc\u062f": 2891,
        "\u0646\u0638\u0631\u06cc\u0647": 2817,
        "\u062d\u0645\u0644\u0647": 2732,
        "\u0648\u06cc\u0644\u06cc\u0627\u0645": 2725,
        "\u0648\u0631\u0632\u0634\u06af\u0627\u0647": 2671,
        "\u0631\u0627\u0628\u0631\u062a": 2646,
        "\u0633\u0627\u0632\u0645\u0627\u0646": 2644,
        "\u0627\u0644\u06af\u0648\u0631\u06cc\u062a\u0645": 2642,
        "\u062c\u06cc\u0645\u0632": 2614,
        "\u0645\u0648\u062a\u0648\u0631": 2599,
        "\u0634\u0631\u06a9\u062a": 2567,
        "\u0644\u06cc\u06af": 2547,
        "\u067e\u0627\u0631\u06a9": 2543
    },
    "digram_freq_doc": {
        "\u0627\u06cc\u0646 \u0631\u0648\u0633\u062a\u0627": 45408,
        "\u062f\u0631 \u0633\u0627\u0644": 24392,
        "\u0648\u06cc \u062f\u0631": 19699,
        "\u0627\u0632 \u0628\u0627\u0634\u06af\u0627\u0647\u200c\u0647\u0627\u06cc\u06cc": 18019,
        "\u0648\u06cc \u0647\u0645\u0686\u0646\u06cc\u0646": 17886,
        "\u0627\u0632 \u0641\u06cc\u0644\u0645\u200c\u0647\u0627": 15046,
        "\u067e\u0633 \u0627\u0632": 14676,
        "\u0642\u062f\u0631 \u0645\u0637\u0644\u0642": 12856,
        "\u062f\u0631 \u0627\u06cc\u0646": 9138,
        "\u0627\u0648 \u062f\u0631": 8744,
        "\u0628\u0631 \u067e\u0627\u06cc\u0647": 6699,
        "\u06cc\u06a9\u06cc \u0627\u0632": 5174,
        "\u0628\u0631 \u0627\u0633\u0627\u0633": 3788,
        "\u0627\u06cc\u0646 \u0641\u06cc\u0644\u0645": 3587,
        "\u0627\u0632 \u0641\u06cc\u0644\u0645\u200c\u0647\u0627\u06cc\u06cc": 3552,
        "\u0628\u0639\u062f \u0627\u0632": 3295,
        "\u0628\u0631\u062e\u06cc \u0627\u0632": 3193,
        "\u062f\u0631 \u062a\u0627\u0631\u06cc\u062e": 2756,
        "wikipedia contributors": 2636,
        "\u0628\u0627\u0634\u06af\u0627\u0647 \u0641\u0648\u062a\u0628\u0627\u0644": 2580,
        "\u0645\u0648\u0642\u0639\u06cc\u062a \u062c\u063a\u0631\u0627\u0641\u06cc\u0627\u06cc\u06cc": 2566,
        "\u0627\u0632 \u0641\u06cc\u0644\u0645\u200c\u0647\u0627\u06cc": 2539,
        "\u0628\u0627 \u062a\u0648\u062c\u0647": 2406,
        "\u0628\u0633\u06cc\u0627\u0631\u06cc \u0627\u0632": 2294,
        "\u0627\u0632 \u0633\u0627\u0644": 2258,
        "\u0639\u0644\u0627\u0648\u0647 \u0628\u0631": 2018,
        "\u0627\u0632 \u062c\u0645\u0644\u0647": 1986,
        "\u062f\u0631 \u0637\u0648\u0644": 1961,
        "\u0628\u0627 \u0627\u06cc\u0646": 1920,
        "\u0647\u0646\u06af\u0627\u0645\u06cc \u06a9\u0647": 1908,
        "\u0627\u06cc\u0646 \u06a9\u062a\u0627\u0628": 1704,
        "\u0627\u06cc\u0646 \u0634\u0647\u0631": 1679,
        "\u062a\u06cc\u0645 \u0645\u0644\u06cc": 1655,
        "\u062f\u0631 \u0632\u0645\u0627\u0646": 1626,
        "\u0628\u0647 \u06af\u0641\u062a\u0647": 1541,
        "\u062f\u0631 \u062d\u0627\u0644": 1520,
        "\u0627\u0632 \u0627\u0641\u062a\u062e\u0627\u0631\u0627\u062a": 1442,
        "\u0648\u06cc \u0627\u0632": 1437,
        "\u062f\u0641\u062a\u0631 \u0645\u0631\u06a9\u0632\u06cc": 1394,
        "\u0627\u0648 \u0627\u0632": 1387,
        "\u0628\u0627 \u0648\u062c\u0648\u062f": 1381,
        "\u0648\u06cc\u06a9\u06cc\u200c\u067e\u062f\u06cc\u0627\u06cc \u0627\u0646\u06af\u0644\u06cc\u0633\u06cc": 1357,
        "\u062f\u0631 \u0627\u0648\u0627\u062e\u0631": 1323,
        "\u062f\u0631 \u062f\u0648\u0631\u0627\u0646": 1301,
        "\u0628\u0647 \u0639\u0646\u0648\u0627\u0646": 1292,
        "\u0628\u0631\u0627\u0633\u0627\u0633 \u0633\u0631\u0634\u0645\u0627\u0631\u06cc": 1288,
        "\u06a9\u0647 \u062f\u0631": 1278,
        "\u0627\u06cc\u0646 \u062e\u0648\u062f\u0631\u0648": 1244,
        "\u0628\u0647 \u062f\u0644\u06cc\u0644": 1221,
        "\u0627\u06cc\u0646 \u0634\u0631\u06a9\u062a": 1216
    },
    "digram_freq_title": {
        "\u0628\u0627\u0634\u06af\u0627\u0647 \u0641\u0648\u062a\u0628\u0627\u0644": 8957,