{
    "language": "hi",
    "passages": 506264,
    "documents": 148107,
    "mean_document_length": 1214.9166259765625,
    "mean_title_length": 15.5393705368042,
    "min_document_length": 1,
    "min_title_length": 1,
    "max_document_length": 140077,
    "max_title_length": 88,
    "unigram_freq_doc": {
        "\u092f\u0939": 9824,
        "\u0907\u0938": 8895,
        "\u092d\u093e\u0930\u0924": 8284,
        "\u090f\u0915": 4846,
        "\u0909\u092a\u0930\u094b\u0915\u094d\u0924": 3175,
        "\u0907\u0938\u0915\u0947": 2215,
        "1": 2093,
        "\u091c\u092c": 2026,
        "\u092d\u093e\u0930\u0924\u0940\u092f": 1962,
        "\u0915\u0941\u091b": 1842,
        "\u0909\u0928\u094d\u0939\u094b\u0902\u0928\u0947": 1719,
        "2": 1690,
        "\u0938\u092e\u094d\u092c\u0902\u0927\u093f\u0924": 1630,
        "\u092f\u0939\u093e\u0901": 1576,
        "": 1574,
        "3": 1465,
        "\u0935\u0939": 1450,
        "\u0939\u093e\u0932\u093e\u0902\u0915\u093f": 1300,
        "\u0915\u093f\u0938\u0940": 1285,
        "\u0909\u0924\u094d\u0924\u0930": 1262,
        "\u0907\u0928": 1234,
        "4": 1190,
        "\u0915\u0908": 1150,
        "\u0930\u093e\u0937\u094d\u091f\u094d\u0930\u0940\u092f": 1148,
        "\u0905\u092a\u0928\u0947": 1128,
        "\u0938\u0928\u094d": 1127,
        "\u092f\u0947": 1055,
        "\u0935\u0930\u094d\u0924\u092e\u093e\u0928": 1004,
        "5": 950,
        "\u0936\u094d\u0930\u0940": 933,
        "\u0935\u0930\u094d\u0937": 893,
        "\u092f\u0926\u093f": 879,
        "\u0926": 861,
        "\u0935\u0947": 835,
        "\u092b\u093f\u0932\u094d\u092e": 829,
        "\u0905\u0928\u094d\u092f": 773,
        "\u092a\u094d\u0930\u093e\u091a\u0940\u0928": 770,
        "\u0938\u0902\u092f\u0941\u0915\u094d\u0924": 765,
        "\u0907\u0938\u0940": 753,
        "6": 747,
        "\u0907\u0938\u0915\u093e": 741,
        "\u0906\u0927\u0941\u0928\u093f\u0915": 718,
        "\u0909\u0928\u0915\u0947": 704,
        "\u0938\u0928": 692,
        "7": 684,
        "\u0926\u0915\u094d\u0937\u093f\u0923": 670,
        "\u0909\u0928\u0915\u0940": 655,
        "\u0967": 640,
        "\u0914\u0930": 632,
        "\u092a\u093e\u0915\u093f\u0938\u094d\u0924\u093e\u0928": 622
    },
    "unigram_freq_title": {
        "\u092d\u093e\u0930\u0924\u0940\u092f": 5512,
        "\u092d\u093e\u0930\u0924": 4945,
        "\u0926": 2300,
        "\u0930\u093e\u0937\u094d\u091f\u094d\u0930\u0940\u092f": 2063,
        "\u0936\u094d\u0930\u0940": 1373,
        "\u0939\u093f\u0928\u094d\u0926\u0940": 983,
        "\u0926\u0915\u094d\u0937\u093f\u0923": 922,
        "\u0938\u0902\u092f\u0941\u0915\u094d\u0924": 897,
        "\u092e\u093e\u0928\u0935": 893,
        "\u0930\u093e\u091c\u0938\u094d\u0925\u093e\u0928": 889,
        "\u0935\u093f\u0936\u094d\u0935": 853,
        "\u092c\u093f\u0939\u093e\u0930": 839,
        "\u092a\u093e\u0915\u093f\u0938\u094d\u0924\u093e\u0928": 802,
        "\u091b\u093e\u0902\u0926\u094b\u0917\u094d\u092f": 787,
        "\u0917\u0942\u0917\u0932": 692,
        "\u091c\u0949\u0928": 676,
        "\u0909\u0924\u094d\u0924\u0930": 636,
        "\u0906\u0908\u0938\u0940\u0938\u0940": 632,
        "\u0939\u093f\u0928\u094d\u0926\u0942": 631,
        "\u0930\u093e\u092e": 618,
        "\u092e\u0941\u0939\u092e\u094d\u092e\u0926": 601,
        "\u091c\u0947\u092e\u094d\u0938": 601,
        "\u0938\u094d\u0935\u093e\u092e\u0940": 583,
        "\u0938\u093e\u092e\u093e\u091c\u093f\u0915": 536,
        "\u0905\u0902\u0924\u0930\u0930\u093e\u0937\u094d\u091f\u094d\u0930\u0940\u092f": 529,
        "\u0938\u0948\u0928\u093f\u0915": 483,
        "\u092a\u094d\u0930\u093e\u091a\u0940\u0928": 477,
        "\u091c\u0932": 477,
        "\u0928\u0947\u092a\u093e\u0932": 464,
        "\u0911\u0938\u094d\u091f\u094d\u0930\u0947\u0932\u093f\u092f\u093e": 453,
        "\u0930\u093e\u091c\u093e": 453,
        "\u091c\u0949\u0930\u094d\u091c": 439,
        "2016": 433,
        "\u092c\u093e\u0902\u0917\u094d\u0932\u093e\u0926\u0947\u0936": 427,
        "\u091a\u0940\u0928\u0940": 424,
        "\u0926\u093f\u0932\u094d\u0932\u0940": 423,
        "\u092e\u094b\u0939\u092e\u094d\u092e\u0926": 422,
        "\u092a\u093e\u0930\u094d\u0935\u0924\u0940\u092e\u0902\u0917\u0932": 417,
        "\u092e\u0927\u094d\u092f": 411,
        "\u092c\u093e\u0932": 405,
        "\u0921\u0947\u0935\u093f\u0921": 397,
        "\u090d\u0932\u091c\u0940": 385,
        "\u091d\u0902\u0917": 383,
        "\u0915\u094d\u0930\u093f\u0915\u0947\u091f": 374,
        "\u0935\u093f\u0926\u094d\u092f\u0941\u0924": 367,
        "\u0905\u092a\u093e\u092e\u093e\u0930\u094d\u091c\u0928": 365,
        "\u0938\u0902\u0938\u094d\u0915\u0943\u0924": 362,
        "\u092a\u0943\u0925\u094d\u0935\u0940": 359,
        "\u0907\u0902\u0917\u094d\u0932\u0948\u0902\u0921": 355,
        "\u092f\u0942\u0928\u093e\u0907\u091f\u0947\u0921": 355
    },
    "digram_freq_doc": {
        "\u092d\u093e\u0930\u0924 \u092e\u0947\u0902": 4248,
        "\u0909\u092a\u0930\u094b\u0915\u094d\u0924 \u0905\u0928\u094d\u0924\u0930": 2980,
        "\u092d\u093e\u0930\u0924 \u0915\u0940": 2154,
        "\u0938\u092e\u094d\u092c\u0902\u0927\u093f\u0924 \u091c\u0928\u0917\u0923\u0928\u093e": 1628,
        "\u0909\u0924\u094d\u0924\u0930 \u092a\u094d\u0930\u0926\u0947\u0936": 935,
        "\u092d\u093e\u0930\u0924 \u0915\u0947": 729,
        "\u092f\u0939 \u090f\u0915": 655,
        "\u0907\u0938 \u092a\u094d\u0930\u0915\u093e\u0930": 640,
        "\u092f\u0939\u093e\u0901 \u0915\u0940": 562,
        "\u0935\u0930\u094d\u0924\u092e\u093e\u0928 \u092e\u0947\u0902": 553,
        "\u0930\u093e\u0937\u094d\u091f\u094d\u0930\u0940\u092f \u0930\u093e\u091c\u092e\u093e\u0930\u094d\u0917": 525,
        "\u0938\u0902\u092f\u0941\u0915\u094d\u0924 \u0930\u093e\u091c\u094d\u092f": 508,
        "\u0907\u0938\u0915\u0947 \u092c\u093e\u0926": 482,
        "\u0907\u0938\u0915\u0947 \u0905\u0932\u093e\u0935\u093e": 418,
        "\u092c\u093e\u0926 \u092e\u0947\u0902": 360,
        "\u0909\u0928\u0915\u093e \u091c\u0928\u094d\u092e": 313,
        "2008 \u092e\u0947\u0902": 274,
        "2006 \u092e\u0947\u0902": 256,
        "2005 \u092e\u0947\u0902": 254,
        "\u0907\u0938\u0915\u0947 \u0905\u0924\u093f\u0930\u093f\u0915\u094d\u0924": 253,
        "\u0915\u093f\u0938\u0940 \u092d\u0940": 249,
        "\u092f\u0939 \u0924\u0939\u0938\u0940\u0932": 242,
        "\u0909\u0926\u093e\u0939\u0930\u0923 \u0915\u0947": 240,
        "\u0907\u0938 \u0915\u094d\u0937\u0947\u0924\u094d\u0930": 237,
        "2007 \u092e\u0947\u0902": 228,
        "\u092d\u093e\u0930\u0924 \u0938\u0930\u0915\u093e\u0930": 228,
        "2004 \u092e\u0947\u0902": 227,
        "\u090f\u0915 \u092c\u093e\u0930": 220,
        "\u0907\u0928\u0915\u093e \u091c\u0928\u094d\u092e": 217,
        "\u091c\u0948\u0938\u093e \u0915\u093f": 217,
        "2009 \u092e\u0947\u0902": 215,
        "\u0928\u0947\u092a\u093e\u0932 \u0915\u0947": 211,
        "\u0917\u0923\u093f\u0924 \u092e\u0947\u0902": 210,
        "\u092a\u094d\u0930\u093e\u091a\u0940\u0928 \u0915\u093e\u0932": 205,
        "\u092e\u0941\u0916\u094d\u092f \u0932\u0947\u0916": 191,
        "\u0906\u092e\u0924\u094c\u0930 \u092a\u0930": 190,
        "\u0907\u0938\u0940 \u092a\u094d\u0930\u0915\u093e\u0930": 190,
        "\u0939\u093e\u0932 \u0939\u0940": 187,
        "2011 \u0915\u0940": 185,
        "\u0907\u0938 \u0938\u092e\u092f": 184,
        "\u090f\u0915 \u0905\u0928\u094d\u092f": 184,
        "\u092f\u0939 \u092d\u0940": 183,
        "2010 \u092e\u0947\u0902": 181,
        "\u092f\u0939\u093e\u0901 \u092a\u0930": 181,
        "1980 \u0915\u0947": 173,
        "\u0926\u094d\u0935\u093f\u0924\u0940\u092f \u0935\u093f\u0936\u094d\u0935": 171,
        "1990 \u0915\u0947": 171,
        "\u0907\u0938 \u0924\u0930\u0939": 170,
        "\u0905\u0902\u0917\u094d\u0930\u0947\u091c\u093c\u0940 \u092e\u0947\u0902": 169,
        "\u0968\u0966\u0967\u0967 \u0915\u0940": 167
    },