{
    "language": "ru",
    "passages": 9543918,
    "documents": 1476045,
    "mean_document_length": -898.2780151367188,
    "mean_title_length": 21.152179718017578,
    "min_document_length": 1,
    "min_title_length": 1,
    "max_document_length": 343490,
    "max_title_length": 145,
    "unigram_freq_doc": {
        "\u0432": 1631540,
        "\u0441": 265953,
        "\u043f\u043e": 205230,
        "\u043d\u0430": 160943,
        "\u043f\u043e\u0441\u043b\u0435": 154236,
        "\u0440\u043e\u0434\u0438\u043b\u0441\u044f": 85319,
        "\u043d\u0430\u0441\u0435\u043b\u0435\u043d\u0438\u0435": 53529,
        "\u0432\u043e": 51715,
        "\u043a": 46695,
        "\u0441\u043e\u0433\u043b\u0430\u0441\u043d\u043e": 44453,
        "\u0434\u043b\u044f": 37790,
        "\u043f\u0440\u0438": 35293,
        "\u043a\u043e\u0434": 34814,
        "\u0434\u043e": 33659,
        "\u0437\u0430": 33462,
        "\u043a\u0430\u043a": 27029,
        "\u2014": 26824,
        "1": 26311,
        "\u0441\u0435\u043b\u043e": 26212,
        "\u0432\u0445\u043e\u0434\u0438\u0442": 24336,
        "\u0442\u0430\u043a\u0436\u0435": 24148,
        "\u0430\u0434\u043c\u0438\u043d\u0438\u0441\u0442\u0440\u0430\u0442\u0438\u0432\u043d\u044b\u0439": 23092,
        "\u0431\u044b\u043b": 22591,
        "\u0438\u0437": 22519,
        "\u0443\u043c\u0435\u0440": 21954,
        "\u0434\u0435\u0440\u0435\u0432\u043d\u044f": 20947,
        "\u043e\u043a\u043e\u043d\u0447\u0438\u043b": 20072,
        "\u0440\u0430\u0441\u0441\u0442\u043e\u044f\u043d\u0438\u0435": 19639,
        "\u0443": 19467,
        "\u043a\u0440\u043e\u043c\u0435": 19055,
        "\u043f\u0435\u0440\u0432\u044b\u0439": 18394,
        "\u0433\u043e\u0440\u043e\u0434": 17736,
        "\u0443\u043a\u0430\u0437\u043e\u043c": 17329,
        "\u043d\u0435\u0441\u043c\u043e\u0442\u0440\u044f": 16995,
        "\u0430\u0432\u0442\u043e\u0440": 16849,
        "\u043e\u0434\u043d\u0430\u043a\u043e": 16823,
        "2": 16597,
        "\u0441\u0440\u0435\u0434\u0438": 16263,
        "\u0432\u043f\u0435\u0440\u0432\u044b\u0435": 15855,
        "\u043d\u0430\u0437\u0432\u0430\u043d\u0438\u0435": 15610,
        "3": 15557,
        "\u043b\u0435\u0442\u043e\u043c": 15519,
        "\u043a\u043e\u0433\u0434\u0430": 14746,
        "\u043f\u0435\u0440\u0432\u044b\u0435": 14564,
        "\u044d\u0442\u043e\u0442": 14525,
        "\u0435\u0433\u043e": 13987,
        "4": 13960,
        "5": 13679,
        "6": 13279,
        "15": 13113
    },
    "unigram_freq_title": {
        "\u0447\u0435\u043c\u043f\u0438\u043e\u043d\u0430\u0442": 58420,
        "\u0441\u043f\u0438\u0441\u043e\u043a": 58396,
        "\u0438\u0441\u0442\u043e\u0440\u0438\u044f": 55482,
        "\u0444\u043b\u0430\u0433": 35672,
        "the": 23283,
        "\u0443\u043b\u0438\u0446\u0430": 21173,
        "\u0431\u0438\u0442\u0432\u0430": 19123,
        "\u043a\u0443\u0431\u043e\u043a": 17860,
        "ngc": 16227,
        "\u0446\u0435\u0440\u043a\u043e\u0432\u044c": 16068,
        "\u0433\u0435\u0440\u0431": 15359,
        "\u043a\u0430\u0442\u0430\u0441\u0442\u0440\u043e\u0444\u0430": 10465,
        "\u044d\u043a\u043e\u043d\u043e\u043c\u0438\u043a\u0430": 9722,
        "\u0434\u043e\u043c": 9466,
        "\u0441\u0435\u043b\u044c\u0441\u043a\u043e\u0435": 8989,
        "\u043e\u0440\u0434\u0435\u043d": 8810,
        "\u043f\u0430\u043c\u044f\u0442\u043d\u0438\u043a": 8716,
        "\u043c\u0443\u0437\u0435\u0439": 8638,
        "hms": 8564,
        "\u0445\u0440\u0430\u043c": 8508,
        "\u0435\u043f\u0430\u0440\u0445\u0438\u044f": 8027,
        "\u0441\u0440\u0430\u0436\u0435\u043d\u0438\u0435": 7597,
        "\u0445\u0440\u043e\u043d\u043e\u043b\u043e\u0433\u0438\u044f": 7018,
        "\u0431\u043e\u043b\u044c\u0448\u0430\u044f": 6885,
        "\u0431\u043e\u043b\u044c\u0448\u043e\u0439": 6697,
        "\u043d\u0430\u0446\u0438\u043e\u043d\u0430\u043b\u044c\u043d\u044b\u0439": 6553,
        "\u0441\u0431\u043e\u0440\u043d\u0430\u044f": 6327,
        "\u0438\u0432\u0430\u043d\u043e\u0432": 6297,
        "\u043d\u043e\u0432\u0430\u044f": 6129,
        "\u0444\u043a": 5969,
        "\u043c\u0435\u0436\u0434\u0443\u043d\u0430\u0440\u043e\u0434\u043d\u044b\u0439": 5938,
        "\u043c\u043e\u0441\u043a\u043e\u0432\u0441\u043a\u0438\u0439": 5937,
        "\u043e\u043f\u0435\u0440\u0430\u0446\u0438\u044f": 5923,
        "\u0438\u043d\u0441\u0442\u0438\u0442\u0443\u0442": 5889,
        "\u0442\u0435\u043e\u0440\u0438\u044f": 5850,
        "\u043e\u0441\u0430\u0434\u0430": 5780,
        "\u0433\u043e\u0441\u0443\u0434\u0430\u0440\u0441\u0442\u0432\u0435\u043d\u043d\u044b\u0439": 5747,
        "\u043c\u0430\u043b\u0430\u044f": 5573,
        "\u043c\u0435\u0434\u0430\u043b\u044c": 5368,
        "\u043e\u0442\u043a\u0440\u044b\u0442\u044b\u0439": 5023,
        "\u0434\u0435\u043d\u044c": 5013,
        "\u0437\u0430\u043c\u043e\u043a": 4979,
        "\u0432\u0430\u043d": 4953,
        "\u0432\u044b\u0431\u043e\u0440\u044b": 4947,
        "\u043a\u0440\u0430\u0441\u043d\u044b\u0439": 4851,
        "\u043c\u0438\u043d\u0438\u0441\u0442\u0435\u0440\u0441\u0442\u0432\u043e": 4830,
        "\u0445\u0440\u043e\u043d\u0438\u043a\u0430": 4826,
        "\u043f\u0430\u0440\u043b\u0430\u043c\u0435\u043d\u0442\u0441\u043a\u0438\u0435": 4807,
        "\u0434\u0435\u043b\u043e": 4722,
        "\u0432\u043e\u0439\u043d\u0430": 4609
    },
    "digram_freq_doc": {
        "\u043f\u043e \u0434\u0430\u043d\u043d\u044b\u043c": 79203,
        "\u0440\u043e\u0434\u0438\u043b\u0441\u044f \u0432": 46004,
        "\u0432\u043e \u0432\u0440\u0435\u043c\u044f": 35178,
        "\u0432 \u043d\u0430\u0447\u0430\u043b\u0435": 34994,
        "\u0432 \u043a\u043e\u043d\u0446\u0435": 31229,
        "\u0432\u0445\u043e\u0434\u0438\u0442 \u0432": 24284,
        "\u0430\u0434\u043c\u0438\u043d\u0438\u0441\u0442\u0440\u0430\u0442\u0438\u0432\u043d\u044b\u0439 \u0446\u0435\u043d\u0442\u0440": 22921,
        "\u0432 \u043d\u0430\u0441\u0442\u043e\u044f\u0449\u0435\u0435": 21148,
        "\u043f\u043e\u0441\u043b\u0435 \u043e\u043a\u043e\u043d\u0447\u0430\u043d\u0438\u044f": 17061,
        "\u043d\u0435\u0441\u043c\u043e\u0442\u0440\u044f \u043d\u0430": 16930,
        "\u0432 \u044f\u043d\u0432\u0430\u0440\u0435": 16150,
        "\u043d\u0430\u0441\u0435\u043b\u0435\u043d\u0438\u0435 \u043f\u043e": 14501,
        "\u0432 \u0434\u0435\u043a\u0430\u0431\u0440\u0435": 14433,
        "\u043f\u043e \u0441\u043e\u0441\u0442\u043e\u044f\u043d\u0438\u044e": 14431,
        "\u0432 \u043c\u0430\u0435": 14425,
        "\u0440\u0430\u0441\u0441\u0442\u043e\u044f\u043d\u0438\u0435 \u0434\u043e": 14319,
        "\u0443\u043a\u0430\u0437\u043e\u043c \u043f\u0440\u0435\u0437\u0438\u0434\u0438\u0443\u043c\u0430": 14302,
        "\u0432 \u043c\u0430\u0440\u0442\u0435": 14287,
        "\u0432 \u0441\u0435\u043d\u0442\u044f\u0431\u0440\u0435": 14118,
        "\u0432 \u0430\u0432\u0433\u0443\u0441\u0442\u0435": 13788,
        "\u0432 2007": 13443,
        "\u0432 \u043e\u043a\u0442\u044f\u0431\u0440\u0435": 13329,
        "\u043d\u0430\u0441\u0435\u043b\u0435\u043d\u0438\u0435 \u043a\u043e\u043c\u043c\u0443\u043d\u044b": 13205,
        "\u0432 \u0438\u044e\u043d\u0435": 13138,
        "\u043a\u043e\u0434 \u043a\u043e\u0430\u0442\u0443\u0443": 13054,
        "\u043a\u043e\u0434 insee": 12915,
        "\u0432 \u0438\u044e\u043b\u0435": 12909,
        "\u0432 \u0430\u043f\u0440\u0435\u043b\u0435": 12760,
        "\u0432 \u0444\u0435\u0432\u0440\u0430\u043b\u0435": 12718,
        "\u0432 \u043d\u043e\u044f\u0431\u0440\u0435": 12710,
        "\u0432 \u0441\u043e\u0441\u0442\u0430\u0432": 12667,
        "\u0432 \u0441\u043e\u0441\u0442\u0430\u0432\u0435": 12541,
        "\u0432 2010": 11974,
        "\u043d\u0430 \u0442\u0435\u0440\u0440\u0438\u0442\u043e\u0440\u0438\u0438": 11738,
        "\u0432 \u043f\u0435\u0440\u0438\u043e\u0434": 11673,
        "\u0432 2008": 10258,