{
    "language": "yo",
    "passages": 49043,
    "documents": 33094,
    "mean_document_length": 212.82864379882812,
    "mean_title_length": 15.736680030822754,
    "min_document_length": 1,
    "min_title_length": 1,
    "max_document_length": 132920,
    "max_title_length": 77,
    "unigram_freq_doc": {
        "n\u00ed": 718,
        "\u1ecdd\u00fan": 465,
        "agbegbe": 460,
        "ni": 458,
        "w\u1ecd\u0301n": 399,
        "\u00e0w\u1ecdn": 356,
        "a": 348,
        "agb\u00e8gb\u00e8": 327,
        "\u00f3": 316,
        "\u00e0m\u00ec": 285,
        "\u00e0s\u00ec\u00e1": 273,
        "pope": 257,
        "the": 255,
        "\u1eb9\u0300w\u00e1d\u00fan": 201,
        "iso": 180,
        "o": 175,
        "john": 117,
        "aw\u1ecdn": 114,
        "awon": 111,
        "emperor": 106,
        "jos\u00e9": 101,
        "i": 94,
        "2": 90,
        "omo": 90,
        "1": 90,
        "\u00ect\u00e0n": 81,
        "3": 78,
        "\u00e8d\u00e8": 78,
        "james": 77,
        "4": 73,
        "5": 70,
        "george": 69,
        "n\u00edn\u00fa": 68,
        "william": 67,
        "charles": 66,
        "": 65,
        "6": 64,
        "\u00e8y\u00ed": 62,
        "ninu": 62,
        "b\u00ed": 61,
        "won": 61,
        "robert": 61,
        "juan": 61,
        "joseph": 59,
        "7": 58,
        "l\u1eb9\u0301y\u00ecn": 57,
        "\u00ec\u1e63\u00e8l\u00fa": 56,
        "this": 56,
        "8": 55,
        "10": 55
    },
    "unigram_freq_title": {
        "at\u00fam\u1ecd\u0300-\u00e8d\u00e8": 3239,
        "\u00e0w\u1ecdn": 864,
        "agb\u00e8gb\u00e8": 853,
        "miguel": 564,
        "\u1ecdba": 527,
        "iso": 441,
        "\u00e0j\u00e0k\u00e1l\u1eb9\u0300": 396,
        "\u00ecl\u00fa": 331,
        "\u00e0m\u00ec": 298,
        "\u00e0s\u00ec\u00e1": 286,
        "p\u00f3p\u00f9": 266,
        "\u00e0k\u00f3j\u1ecd": 256,
        "\u1eb9\u0300w\u00e1d\u00fan": 201,
        "ol\u00f3kuk\u00f9": 198,
        "\u00e8d\u00e8": 179,
        "john": 160,
        "al\u00f3k\u00f2": 141,
        "\u00e0j\u00e0k\u00e1l\u1eb9\u0300-\u00e0r\u00f9n": 138,
        "or\u00fak\u1ecd": 128,
        "s\u00ed\u0144t\u00e1\u00e0s\u00ec": 127,
        "\u00ect\u00e0n": 122,
        "\u00e0t\u00e1\u1ecd\u0301ja": 117,
        "t\u00ecm\u00ec": 110,
        "emperor": 106,
        "\u00e0t\u00f2j\u1ecd": 104,
        "jos\u00e9": 100,
        "or\u00edl\u1eb9\u0300-ede\u00e9": 95,
        "james": 95,
        "\u00e0\u1e63\u00e0": 87,
        "\u00ecy\u00eds\u00f3d\u00ec": 87,
        "kikan": 87,
        "george": 84,
        "\u00e0j\u1eb9s\u00e1ra": 84,
        "tonto": 84,
        "\u00ecj\u1ecdba": 83,
        "t\u1eb9\u0301l\u00edsk\u00f3p\u00f9": 83,
        "joseph": 82,
        "\u00e0s\u00e0": 79,
        "il\u00e9\u1e63\u00e0": 76,
        "open": 75,
        "\u00ecj\u1eb9\u0300\u1e63\u00e0": 71,
        "historic": 71,
        "charles": 68,
        "l\u1eb9\u0301y\u00ecn": 66,
        "\u00e0d\u00fagb\u00f2": 65,
        "robert": 65,
        "david": 65,
        "\u00ec\u1e63e\u1ecd\u0300r\u1ecd\u0300\u00e0w\u00f9j\u1ecd": 65,
        "\u00ec\u1e63\u00e8l\u00fa": 64,
        "paul": 64
    },
    "digram_freq_doc": {
        "agbegbe ijoba": 448,
        "agb\u00e8gb\u00e8 \u00ecj\u1ecdba": 312,
        "\u00e0m\u00ec \u1ecd\u0300p\u00e1": 279,
        "\u00e0s\u00ec\u00e1 il\u1eb9\u0300": 268,
        "n\u00ed \u1ecdj\u1ecd\u0301": 254,
        "n\u00ed \u1ecdd\u00fan": 250,
        "w\u1ecd\u0301n b\u00ed": 235,
        "ni ojo": 135,
        "a b\u00ed": 113,
        "\u00ect\u00e0n il\u1eb9\u0300": 56,
        "\u00ec\u1e63\u00e8l\u00fa il\u1eb9\u0300": 54,
        "geography of": 48,
        "ni \u1ecddun": 47,
        "\u00f3 b\u1eb9\u0300r\u1eb9\u0300": 47,
        "yeah yeah": 47,
        "\u00e8y\u00ed ni": 45,
        "ni o\u1e63u": 41,
        "open am\u1eb9\u0301r\u00edk\u00e0": 41,
        "g\u1eb9\u0301g\u1eb9\u0301 b\u00ed": 40,
        "n\u00ed o\u1e63\u00f9": 40,
        "a bi": 39,
        "this is": 39,
        "\u00e0w\u1ecdn \u00ecd\u00edje": 36,
        "n\u00edgb\u00e0 t\u00ed": 34,
        "ni odun": 34,
        "i just": 30,
        "orin-\u00ecy\u00ecn or\u00edl\u1eb9\u0300-\u00e8d\u00e8": 27,
        "l\u1eb9\u0301y\u00ecn t\u00ed": 26,
        "\u00f3 ti": 25,
        "hah": 25,
        "pack in": 25,
        "she like": 25,
        "i go": 25,
        "good good": 25,
        "play if": 25,
        "im a": 25,
        "l\u00e1ra \u00e0w\u1ecdn": 24,
        "\u00e0j\u00e0k\u00e1l\u1eb9\u0300 \u00e0r\u00f9n": 24,
        "jos\u00e9 mar\u00eda": 23,
        "b\u00ed \u00f3": 22,
        "won di": 22,
        "\u00f3 j\u1eb9\u0301": 22,
        "t\u00ed a": 20,
        "pope john": 20,
        "a l\u00e8": 19,
        "ni \u1ecdj\u1ecd": 19,
        "\u00e0w\u1ecdn w\u1ecd\u0300ny\u00ed": 18,
        "o ti": 17,
        "\u00f3 l\u1ecd": 17,
        "won bi": 17
    },
    "digram_freq_title": {
        "at\u00fam\u1ecd\u0300-\u00e8d\u00e8 g\u1eb9\u0300\u1eb9\u0301s\u00ec-yor\u00f9b\u00e1": 1700,
        "at\u00fam\u1ecd\u0300-\u00e8d\u00e8 yor\u00f9b\u00e1-g\u1eb9\u0300\u1eb9\u0301s\u00ec": 1355,
        "agb\u00e8gb\u00e8 \u00ecj\u1ecdba": 814,
        "miguel mora": 547,
        "\u00e0w\u1ecdn \u00e0d\u00fagb\u00f2": 515,
        "\u00e0j\u00e0k\u00e1l\u1eb9\u0300 \u00e0r\u00f9n": 396,
        "\u00e0m\u00ec \u1ecd\u0300p\u00e1": 292,
        "\u00e0s\u00ec\u00e1 il\u1eb9\u0300": 283,
        "\u00e0k\u00f3j\u1ecd \u00e0w\u1ecdn": 253,
        "ol\u00f3kuk\u00f9 ti": 198,
        "at\u00fam\u1ecd\u0300-\u00e8d\u00e8 l\u00e9t\u00e0": 184,
        "\u1ecdba \u00f2gb\u00f3m\u1ecd\u0300\u1e63\u1ecd\u0301": 167,
        "\u1ecdba \u00ecs\u00e9y\u00ecn": 148,
        "al\u00f3k\u00f2 ti": 141,
        "s\u00ed\u0144t\u00e1\u00e0s\u00ec yor\u00f9b\u00e1": 127,
        "\u00e0j\u00e0k\u00e1l\u1eb9\u0300-\u00e0r\u00f9n covid-19": 123,
        "or\u00fak\u1ecd \u00e0d\u00fagb\u00f2": 120,
        "\u00ecl\u00fa igb\u00f3-\u1ecdr\u00e0": 118,
        "\u00e0t\u00e1\u1ecd\u0301ja \u00f2\u1e63ogbo": 117,
        "\u00ecl\u00fa ay\u00e9t\u1eb9\u0300": 114,
        "t\u00ecm\u00ec t\u00ed": 110,
        "or\u00edl\u1eb9\u0300-ede\u00e9 yor\u00f9b\u00e1": 95,
        "\u00e0t\u00f2j\u1ecd \u00e0w\u1ecdn": 92,
        "\u00ecy\u00eds\u00f3d\u00ec n\u00edn\u00fa": 87,
        "kikan jesu": 87,
        "tonto dikeh": 84,
        "t\u1eb9\u0301l\u00edsk\u00f3p\u00f9 \u00f2furuf\u00fa": 82,
        "\u00ecj\u1ecdba \u00ecb\u00edl\u1eb9\u0300": 77,
        "il\u00e9\u1e63\u00e0": 76,
        "\u1ecdba \u00ecr\u00e1gb\u00ecj\u00ed": 73,
        "\u00ecj\u1eb9\u0300\u1e63\u00e0": 71,
        "\u00e0w\u1ecdn \u00ecd\u00edje": 70,
        "l\u1eb9\u0301y\u00ecn \u1ecdd\u00fan": 66,
        "\u00ect\u00e0n il\u1eb9\u0300": 66,
        "\u00ec\u1e63e\u1ecd\u0300r\u1ecd\u0300\u00e0w\u00f9j\u1ecd": 65,
        "adaba": 60,
        "federalism": 59,
        "\u00ecfit\u00f3nil\u00e9t\u00ed": 57,
        "orin-\u00ecy\u00ecn or\u00edl\u1eb9\u0300-\u00e8d\u00e8": 57,
        "\u00ec\u1e63\u00e8l\u00fa il\u1eb9\u0300": 57,
        "dr sid": 57,
        "open am\u1eb9\u0301r\u00edk\u00e0": 57,
        "if\u00e1": 56,
        "\u1ecdba \u00eck\u00f2y\u00ed": 55,
        "s\u1eb9\u0301r\u00edk\u00ed \u0144": 55,
        "j\u1eb9\u0301\u1ecd\u0301gr\u00e1f\u00ec il\u1eb9\u0300": 54,
        "s\u00edn\u0144t\u00e0\u00e0s\u00ec \u00e8d\u00e8": 53,
        "cusco": 53,
        "\u1ecdba \u00f2npetu": 52,
        "\u1ecd\u1ecd\u0300ni ife": 52
    }
}