{
    "language": "zh",
    "passages": 4934368,
    "documents": 1246389,
    "mean_document_length": 449.9382019042969,
    "mean_title_length": 6.29445743560791,
    "min_document_length": 1,
    "min_title_length": 1,
    "max_document_length": 84952,
    "max_title_length": 91,
    "unigram_freq_doc": {
        "": 7023,
        "hd": 5871,
        "\u7684\u65f6\u533a\u4e3a\u3001\uff08\u590f\u4ee4\u65f6\uff09\u3002": 4259,
        "\u4e0e\u63a5\u58e4\u7684\u5e02\u9547\uff08\u6216\u65e7\u5e02\u9547\u3001\u57ce\u533a\uff09\u5305\u62ec\uff1a\u3002": 4255,
        "\u4e8e\u65f6\u7684\u4eba\u53e3\u6570\u91cf\u4e3a\u4eba\u3002": 4239,
        "\u6240\u5c5e\u7684\u7701\u7ea7\u9009\u533a\u4e3a\u3002": 4234,
        "\u4e0b\u8f96\u4ee5\u4e0b\u5730\u533a\uff1a": 3792,
        "ngc": 2661,
        "\u4e0b\u8f96\u4ee5\u4e0b\u6751\u7ea7\u884c\u653f\u533a\u5212\u5355\u4f4d\uff1a": 2574,
        "\u53ea\u5217\u51fa\u66fe\u9032\u5165\u6e96\u6c7a\u8cfd\u7684\u570b\u969b\u8cfd\u4e8b\u6210\u7e3e\uff1a": 2120,
        "\u672c\u5c5e\u5305\u62ec\u4ee5\u4e0b\u7269\u79cd\uff1a": 1817,
        "\uff0c\u662f\u4e0b\u8f96\u7684\u4e00\u4e2a\u4e61\u9547\u7ea7\u884c\u653f\u5355\u4f4d\u3002": 1526,
        "the": 1468,
        "1": 1086,
        "\u662f\u4e0b\u8f96\u7684\u4e00\u4e2a\u8857\u9053\u529e\u4e8b\u5904\u3002": 997,
        "\u5176\u4e2d": 989,
        "windows": 851,
        "2": 838,
        "2018\u5e742\u670824\u65e5\uff0c\u5f53\u9009\u4e3a\u7b2c\u5341\u4e09\u5c4a\u5168\u56fd\u4eba\u5927\u4ee3\u8868\u3002": 790,
        "2015\u5e74": 756,
        "2016\u5e74": 716,
        "\u5728": 709,
        "2017\u5e74": 673,
        "2014\u5e74": 671,
        "\u662f\u4e0b\u8f96\u7684\u4e00\u4e2a\u6c11\u65cf\u4e61\u3002": 667,
        "formula_1": 634,
        "2013\u5e74": 628,
        "3": 621,
        "2018\u5e74": 608,
        "2019\u5e74": 567,
        "2012\u5e74": 542,
        "2010\u5e74": 528,
        "colspan3": 525,
        "2011\u5e74": 509,
        "2020\u5e74": 501,
        "-": 494,
        "\u2022": 494,
        "in": 461,
        "2009\u5e74": 444,
        "2008\u5e74": 436,
        "4": 425,
        "2007\u5e74": 424,
        "2021\u5e74": 418,
        "\u662f\u4e0b\u8f96\u7684\u4e00\u4e2a\u9547\u3002": 389,
        "a": 386,
        "\uff0c\u662f\u4e0b\u8f96\u7684\u4e00\u4e2a\u8857\u9053\u529e\u4e8b\u5904\u3002": 385,
        "\u300athe": 382,
        "2006\u5e74": 377,
        "cd": 363,
        "\u203b\u7c97\u9ad4\u5b57\u8868\u793a\u8aaa\u660e\u98fe\u6f14\u7684\u4e3b\u8981\u89d2\u8272\u3002": 355
    },
    "unigram_freq_title": {
        "hd": 6123,
        "ngc": 2911,
        "\u53cd\u5c0d\u9003\u72af\u689d\u4f8b\u4fee\u8a02\u8349\u6848\u904b\u52d5\u904e\u7a0b": 2481,
        "windows": 1793,
        "the": 1790,
        "microsoft": 1213,
        "\u842c\u83ef\u8336\u85dd\u9928\u56b4\u91cd\u7279\u6b8a\u50b3\u67d3\u6027\u80ba\u708e\u7fa4\u805a\u884d\u751f\u611f\u67d3\u4e8b\u4ef6": 1200,
        "\u53d9\u5229\u4e9a\u5185\u6218\u5e74\u8868": 1112,
        "\u975c\u6a02\u8a71": 751,
        "2019\u51a0\u72b6\u75c5\u6bd2\u75c5\u4e0a\u6d77\u5e02\u75ab\u60c5\u65f6\u95f4\u7ebf": 750,
        "google": 744,
        "2019\u51a0\u72b6\u75c5\u6bd2\u75c5\u5e7f\u4e1c\u7701\u75ab\u60c5\u65f6\u95f4\u7ebf": 681,
        "love": 635,
        "\u4e09\u661fgalaxy": 611,
        "2019\u51a0\u72c0\u75c5\u6bd2\u75c5\u6d59\u6c5f\u7701\u75ab\u60c5": 601,
        "one": 597,
        "x": 567,
        "iphone": 558,
        "\u6a5f\u52d5\u6230\u58ebgundam": 556,
        "\u9b54\u517d\u7cfb\u5217\u89d2\u8272\u5217\u8868": 538,
        "apple": 524,
        "amd": 522,
        "\u9999\u6e2f\u6c23\u5019": 517,
        "iso": 508,
        "\u4e9e\u6b77\u5c71\u5927\u4e39\u5c3c\u58ebenviro": 508,
        "\u81fa\u7063\u5468\u904a\u5531\u6b4c": 495,
        "sd": 492,
        "2019\u51a0\u72c0\u75c5\u6bd2\u75c5\u75ab\u60c5\u6642\u9593\u8ef8": 487,
        "sig": 486,
        "hk": 472,
        "nvidia": 468,
        "htc": 466,
        "\u5168\u7f8e\u8d85\u7d1a\u6a21\u7279\u5152\u65b0\u79c0\u5927\u8cfd": 465,
        "i": 453,
        "playstation": 451,
        "ios": 438,
        "sony": 435,
        "2019\u51a0\u72b6\u75c5\u6bd2\u75c5\u56db\u5ddd\u7701\u75ab\u60c5": 431,
        "super": 418,
        "\u660e\u671d\u85e9\u738b\u5217\u8868": 417,
        "\u8036\u548c\u534e\u89c1\u8bc1\u4eba\u7684\u65e9\u671f\u51fa\u7248\u7269": 393,
        "bmw": 391,
        "\u5287\u5834\u7248": 383,
        "\u5df4\u58eb\u963f\u53d4\u4e8b\u4ef6": 377,
        "my": 362,
        "2019\u51a0\u72c0\u75c5\u6bd2\u75c5\u5929\u6d25\u5e02\u75ab\u60c5": 358,
        "\u7f8e\u570b\u9435\u8def\u5206\u985e": 351,
        "\u91d1\u5eb8\u7b46\u4e0b\u6b66\u529f\u5217\u8868": 351,
        "2019\u51a0\u72c0\u75c5\u6bd2\u75c5\u4e2d\u570b\u5927\u9678\u53cd\u61c9\u8207\u5f71\u97ff": 348,
        "2019\u51a0\u72b6\u75c5\u6bd2\u75c5\u4e91\u5357\u7701\u75ab\u60c5": 343
    },
    "digram_freq_doc": {
        "colspan5": 4513,
        "\u7684\u65f6\u533a\u4e3a\u3001\uff08\u590f\u4ee4\u65f6\uff09\u3002 \u7684\u90ae\u653f\u7f16\u7801\u4e3a\uff0cinsee\u5e02\u9547\u7f16\u7801\u4e3a\u3002": 4257,
        "\u4e0e\u63a5\u58e4\u7684\u5e02\u9547\uff08\u6216\u65e7\u5e02\u9547\u3001\u57ce\u533a\uff09\u5305\u62ec\uff1a\u3002": 4255,
        "\u6240\u5c5e\u7684\u7701\u7ea7\u9009\u533a\u4e3a\u3002": 4234,
        "\u4e8e\u65f6\u7684\u4eba\u53e3\u6570\u91cf\u4e3a\u4eba\u3002": 4100,
        "\u4e0b\u8f96\u4ee5\u4e0b\u5730\u533a\uff1a": 3773,
        "\u4e0b\u8f96\u4ee5\u4e0b\u6751\u7ea7\u884c\u653f\u533a\u5212\u5355\u4f4d\uff1a": 2573,
        "\u53ea\u5217\u51fa\u66fe\u9032\u5165\u6e96\u6c7a\u8cfd\u7684\u570b\u969b\u8cfd\u4e8b\u6210\u7e3e\uff1a": 2111,
        "\u672c\u5c5e\u5305\u62ec\u4ee5\u4e0b\u7269\u79cd\uff1a": 1802,
        "\uff0c\u662f\u4e0b\u8f96\u7684\u4e00\u4e2a\u4e61\u9547\u7ea7\u884c\u653f\u5355\u4f4d\u3002": 1522,
        "\u662f\u4e0b\u8f96\u7684\u4e00\u4e2a\u8857\u9053\u529e\u4e8b\u5904\u3002": 996,
        "2018\u5e742\u670824\u65e5\uff0c\u5f53\u9009\u4e3a\u7b2c\u5341\u4e09\u5c4a\u5168\u56fd\u4eba\u5927\u4ee3\u8868\u3002": 788,
        "\u662f\u4e0b\u8f96\u7684\u4e00\u4e2a\u6c11\u65cf\u4e61\u3002": 667,
        "formula_1": 551,
        "colspan3 stylebackground": 485,
        "2015\u5e74": 484,
        "2016\u5e74": 484,
        "2019\u5e74": 483,
        "2017\u5e74": 480,
        "2018\u5e74": 479,
        "2020\u5e74": 423,
        "2014\u5e74": 419,
        "\u5176\u4e2d": 407,
        "\u662f\u4e0b\u8f96\u7684\u4e00\u4e2a\u9547\u3002": 387,
        "\uff0c\u662f\u4e0b\u8f96\u7684\u4e00\u4e2a\u8857\u9053\u529e\u4e8b\u5904\u3002": 382,
        "2021\u5e74": 365,
        "2013\u5e74": 365,
        "2012\u5e74": 342,
        "2011\u5e74": 330,
        "\u672c\u79d1\u5305\u62ec\u4ee5\u4e0b\u5c5e\uff1a": 325,
        "\u73b0\u8f96\uff1a": 313,
        "2010\u5e74": 300,
        "\u3010\u57fa\u672c\u8cc7\u6599\u3011": 293,
        "2009\u5e74": 281,
        "\uff08\u4f86\u6e90\uff1ajr\u6771\u65e5\u672c\u8eca\u7ad9\u69cb\u5167\u5716 \uff09": 275,
        "formula_2": 271,
        "2008\u5e74": 267,
        "": 264,
        "2007\u5e74": 246,
        "\u203b\u7c97\u9ad4\u5b57\u8868\u793a\u8aaa\u660e\u98fe\u6f14\u7684\u4e3b\u8981\u89d2\u8272\u3002": 243,
        "\uff08\uff09\u9762\u79ef\uff0c\u4f4d\u4e8e\u6cd5\u56fd\u6cd5\u862d\u897f\u5cf6\u5927\u5340\u585e\u7eb3-\u9a6c\u6069\u7701\uff0c\u8be5\u7701\u4efd\u4e3a\u6cd5\u56fd\u5317\u90e8\u5185\u9646\u7701\u4efd\uff0c\u5317\u8d77\u74e6\u5179\u7701\uff0c\u897f\u63a5\u57c3\u677e\u7701\u3001\u9a6c\u6069\u6cb3\u8c37\u7701\u3001\u585e\u7eb3-\u5723\u4f46\u5c3c\u7701\u548c\u74e6\u5179\u6cb3\u8c37\u7701\uff0c\u5357\u81f3\u5362\u74e6\u96f7\u7701\uff0c\u4e1c\u5357\u63a5\u7ea6\u8bb7\u7701\uff0c\u4e1c\u4e34\u9a6c\u6069\u7701\u548c\u5965\u5e03\u7701\uff0c\u4e1c\u5317\u63a5\u57c3\u7eb3\u7701\u3002": 228,
        "cd": 225,
        "2006\u5e74": 225,
        "\u8fd1\u5e74\u7684\u63a8\u79fb\u5982\u4e0b\u8868\u3002": 222,
        "formula_3": 220,