,name,map,ndcg
0,"                qid     docid        docno  rank      score                                              query
0        10756354#0  12035693    6824064#0     0  32.553304                          Qui était Princesse Diana
1        10756354#0   8591841    1755363#4     1  30.996940                          Qui était Princesse Diana
2        10756354#0  12892413    3915198#2     2  30.623304                          Qui était Princesse Diana
3        10756354#0   9158687   11078990#3     3  30.477629                          Qui était Princesse Diana
4        10756354#0   4789650    281064#14     4  30.229225                          Qui était Princesse Diana
...             ...       ...          ...   ...        ...                                                ...
1141995   8564179#0  11611247    5175863#7   995  13.034428  Quelles sont les caractéristiques d’un vrai di...
1141996   8564179#0  14209308      77929#8   996  13.034428  Quelles sont les caractéristiques d’un vrai di...
1141997   8564179#0   8494143  13787528#27   997  13.033821  Quelles sont les caractéristiques d’un vrai di...
1141998   8564179#0  13996818    1277835#3   998  13.023914  Quelles sont les caractéristiques d’un vrai di...
1141999   8564179#0  14123890     64577#41   999  13.023914  Quelles sont les caractéristiques d’un vrai di...

[1142000 rows x 6 columns]",0.03127473087780347,0.09248347678251405
