{
    "language": "de",
    "passages": 15866222,
    "documents": 2651352,
    "mean_document_length": 746.4208374023438,
    "mean_title_length": 18.849321365356445,
    "avg_document_length": 2366.336736125384,
    "avg_title_length": 18.849321344420762,
    "min_document_length": 1,
    "min_title_length": 1,
    "max_document_length": 558100,
    "max_title_length": 216,
    "unigram_freq_doc": {
        "die": 2123158,
        "der": 1130747,
        "das": 770718,
        "im": 692522,
        "in": 564911,
        "nach": 396470,
        "am": 339214,
        "als": 198875,
        "bei": 186029,
        "von": 159468,
        "mit": 154061,
        "seit": 152519,
        "er": 150786,
        "ein": 120488,
        "eine": 119996,
        "f\u00fcr": 112528,
        "es": 110041,
        "auf": 95329,
        "w\u00e4hrend": 84409,
        "ab": 77087,
        "zu": 74704,
        "nachdem": 70527,
        "durch": 65508,
        "neben": 65173,
        "auch": 60964,
        "zur": 60699,
        "sie": 55699,
        "siehe": 55337,
        "": 52769,
        "bis": 52196,
        "seine": 50899,
        "um": 47545,
        "diese": 45644,
        "da": 44942,
        "bereits": 43872,
        "zum": 43248,
        "sein": 43243,
        "an": 43060,
        "unter": 41651,
        "aus": 36595,
        "beim": 32982,
        "zwischen": 32323,
        "wie": 31912,
        "\u00fcber": 31482,
        "weitere": 30236,
        "aufgrund": 29960,
        "ende": 27771,
        "vor": 26952,
        "anfang": 26346,
        "den": 26006
    },
    "unigram_freq_title": {
        "liste": 183098,
        "st": 84216,
        "die": 77556,
        "johann": 65435,
        "the": 62941,
        "der": 60433,
        "geschichte": 60092,
        "karl": 56787,
        "olympische": 55216,
        "hans": 52848,
        "john": 50956,
        "friedrich": 46189,
        "peter": 45873,
        "schloss": 40283,
        "wilhelm": 40043,
        "heinrich": 39391,
        "bahnstrecke": 39026,
        "deutsche": 38949,
        "paul": 38919,
        "michael": 37667,
        "robert": 36292,
        "franz": 36166,
        "bahnhof": 35642,
        "thomas": 35085,
        "georg": 33340,
        "das": 31469,
        "carl": 30153,
        "ernst": 29504,
        "william": 29314,
        "hermann": 29106,
        "otto": 28775,
        "burg": 27295,
        "christian": 27228,
        "david": 26344,
        "richard": 26319,
        "walter": 25923,
        "alexander": 25455,
        "martin": 25066,
        "schlacht": 24529,
        "johannes": 24213,
        "james": 22512,
        "joseph": 22304,
        "rudolf": 22281,
        "wolfgang": 22220,
        "josef": 21636,
        "charles": 21232,
        "max": 20591,
        "ludwig": 20520,
        "gro\u00dfer": 19324,
        "george": 19106
    },
    "digram_freq_doc": {
        "in der": 200527,
        "nach dem": 128056,
        "im jahr": 123816,
        "in den": 101692,
        "nach der": 83156,
        "bei der": 62784,
        "bei den": 52215,
        "siehe auch": 50873,
        "die liste": 42693,
        "f\u00fcr die": 42115,
        "im jahre": 40095,
        "der ort": 37578,
        "mit der": 36950,
        "am 1": 34274,
        "mit dem": 33979,
        "die gemeinde": 33805,
        "er war": 33772,
        "die erste": 29307,
        "der film": 26939,
        "zu den": 26619,
        "w\u00e4hrend der": 26514,
        "auf dem": 25746,
        "es gibt": 23752,
        "der name": 23621,
        "durch die": 23237,
        "auf der": 22610,
        "w\u00e4hrend des": 22323,
        "seit dem": 21892,
        "an der": 21857,
        "die stadt": 21457,
        "die kirche": 19817,
        "nach seiner": 19254,
        "im zuge": 16861,
        "im sommer": 16035,
        "nach einer": 15530,
        "im januar": 15430,
        "im rahmen": 15311,
        "er ist": 15311,
        "im oktober": 15209,
        "im mai": 15200,
        "der begriff": 15004,
        "f\u00fcr den": 14909,
        "die ersten": 14904,
        "im m\u00e4rz": 14899,
        "in deutschland": 14897,
        "aufgrund der": 14619,
        "das unternehmen": 14543,
        "im september": 14501,
        "von den": 14330,
        "zur saison": 14303
    },
    "digram_freq_title": {
        "liste der": 143002,
        "olympische sommerspiele": 37726,
        "geschichte der": 27778,
        "liste von": 17765,
        "gro\u00dfer preis": 13671,
        "olympische winterspiele": 10367,
        "geschichte des": 10304,
        "evangelische kirche": 9598,
        "schlacht bei": 8971,
        "deutsche leichtathletik-meisterschaften": 8419,
        "schlacht von": 7390,
        "j\u00fcdischer friedhof": 6931,
        "liste m\u00fcnchner": 6889,
        "parlamentswahl in": 5187,
        "friedrich wilhelm": 5156,
        "covid-19-pandemie in": 4788,
        "grammy awards": 4739,
        "liste gefl\u00fcgelter": 4638,
        "friedrich von": 4540,
        "communaut\u00e9 de": 4519,
        "schlacht um": 4517,
        "golden globe": 4348,
        "karl von": 4321,
        "st peter": 4221,
        "wilhelm von": 4174,
        "j\u00fcdische gemeinde": 4131,
        "tour de": 4019,
        "satz von": 4012,
        "johann friedrich": 3981,
        "johann georg": 3965,
        "eisenbahnunfall von": 3964,
        "kathedrale von": 3941,
        "figuren aus": 3771,
        "olympische geschichte": 3761,
        "heinrich von": 3690,
        "belagerung von": 3654,
        "ergebnisse der": 3556,
        "british academy": 3526,
        "pr\u00e4sidentschaftswahl in": 3446,
        "st johannes": 3445,
        "polizeiruf 110": 3411,
        "institut f\u00fcr": 3272,
        "geschichte von": 3161,
        "st martin": 3152,
        "united states": 3127,
        "johann heinrich": 2883,
        "chronik der": 2879,
        "nordische skiweltmeisterschaften": 2866,
        "landtagswahl in": 2859,
        "hermann von": 2769
    }
}