{
    "language": "fi",
    "passages": 1883509,
    "documents": 447815,
    "mean_document_length": 1445.3974609375,
    "mean_title_length": 16.22618293762207,
    "avg_document_length": 1445.3975034333062,
    "avg_title_length": 16.226182088858213,
    "min_document_length": 2,
    "min_title_length": 1,
    "max_document_length": 210262,
    "max_title_length": 208,
    "unigram_freq_doc": {
        "vuonna": 46393,
        "vuoden": 15112,
        "alus": 12710,
        "suomen": 8518,
        "suomessa": 7302,
        "h\u00e4n": 6982,
        "kun": 6966,
        "the": 6053,
        "hms": 5835,
        "t\u00e4m\u00e4": 5054,
        "kaudella": 4796,
        "ennen": 4347,
        "vaikka": 4185,
        "j\u00e4rven": 4026,
        "ensimm\u00e4inen": 3781,
        "vuosina": 3697,
        "kaudeksi": 3657,
        "elokuva": 3582,
        "my\u00f6s": 3561,
        "kaikki": 3255,
        "ensimm\u00e4isen": 3181,
        "j\u00e4rvi": 3111,
        "h\u00e4nen": 3022,
        "toisen": 3015,
        "albumi": 2956,
        "vuodesta": 2818,
        "koska": 2501,
        "my\u00f6hemmin": 2460,
        "elokuvan": 2458,
        "jos": 2424,
        "john": 2351,
        "kauden": 2323,
        "helsingin": 2195,
        "kes\u00e4ll\u00e4": 2117,
        "tammikuussa": 2113,
        "toinen": 2112,
        "nyky\u00e4\u00e4n": 2077,
        "yhtyeen": 2072,
        "kunnan": 2032,
        "albumin": 2024,
        "hein\u00e4kuussa": 2016,
        "kaupungin": 2002,
        "kes\u00e4kuussa": 1954,
        "sarjan": 1925,
        "sodan": 1924,
        "toukokuussa": 1872,
        "1": 1832,
        "kappale": 1826,
        "ensimm\u00e4iset": 1822,
        "nykyisin": 1820
    },
    "unigram_freq_title": {
        "luettelo": 23509,
        "suomen": 13392,
        "hms": 13348,
        "the": 11360,
        "john": 5732,
        "robert": 3330,
        "david": 3223,
        "matti": 3077,
        "michael": 2947,
        "helsingin": 2794,
        "james": 2681,
        "william": 2656,
        "ms": 2569,
        "antti": 2562,
        "paul": 2555,
        "pekka": 2376,
        "peter": 2360,
        "turun": 2274,
        "jalkapallon": 2271,
        "charles": 2249,
        "carl": 2168,
        "uss": 2135,
        "george": 2121,
        "saksan": 2119,
        "johan": 2091,
        "suomi": 2040,
        "mikko": 2010,
        "karl": 1960,
        "thomas": 1947,
        "ranskan": 1938,
        "yhdysvaltain": 1911,
        "richard": 1886,
        "heikki": 1877,
        "lauri": 1816,
        "timo": 1809,
        "jukka": 1806,
        "ven\u00e4j\u00e4n": 1784,
        "j\u00e4\u00e4kiekon": 1760,
        "fs": 1692,
        "tampereen": 1684,
        "jussi": 1643,
        "juha": 1636,
        "daniel": 1635,
        "harry": 1629,
        "erkki": 1623,
        "euroopan": 1612,
        "kari": 1595,
        "johannes": 1557,
        "operaatio": 1464,
        "joseph": 1461
    },
    "digram_freq_doc": {
        "alus tilattiin": 4557,
        "t\u00e4m\u00e4 on": 3331,
        "j\u00e4rven pinta-ala": 2224,
        "toisen maailmansodan": 1979,
        "j\u00e4rvi sijaitsee": 1777,
        "kaikki kappaleet": 1675,
        "vuonna 2007": 1513,
        "h\u00e4n on": 1372,
        "vuonna 2008": 1264,
        "vuonna 2010": 1230,
        "vuonna 2006": 1230,
        "vuonna 2009": 1227,
        "alun perin": 1215,
        "vuonna 2011": 1180,
        "suurin osa": 1180,
        "vuonna 2005": 1153,
        "vuoden 2011": 1144,
        "vuonna 2012": 1144,
        "vuonna 2014": 1042,
        "sodan j\u00e4lkeen": 1036,
        "vuonna 2015": 1012,
        "vuonna 2016": 993,
        "vuonna 2013": 985,
        "alus poistettiin": 978,
        "vuonna 2004": 945,
        "vuoden 2010": 878,
        "vuonna 2003": 874,
        "lampi sijaitsee": 843,
        "lammen pinta-ala": 802,
        "ensimm\u00e4isen maailmansodan": 798,
        "j\u00e4rvi on": 787,
        "vuonna 2017": 784,
        "vuonna 2000": 779,
        "vuonna 2002": 759,
        "h\u00e4n oli": 756,
        "t\u00e4m\u00e4n j\u00e4lkeen": 732,
        "vuonna 2001": 719,
        "vuoden 2012": 703,
        "vuoden 2017": 662,
        "elokuva kertoo": 660,
        "albumi nousi": 636,
        "video-oppaassa vuodelta": 633,
        "suomessa on": 617,
        "toisin kuin": 613,
        "kuntaan kuuluu": 610,
        "vuonna 1999": 603,
        "alus l\u00e4hti": 590,
        "peliss\u00e4 on": 571,
        "vuonna 1998": 557,
        "elokuva on": 533
    },
    "digram_freq_title": {
        "luettelo televisiosarjan": 3229,
        "luettelo j\u00e4\u00e4k\u00e4reist\u00e4": 2088,
        "luettelo suomen": 1530,
        "luettelo pok\u00e9mon-lajeista": 1214,
        "luettelo digimoneista": 1101,
        "hr ms": 886,
        "harry potter": 652,
        "formula 1": 604,
        "mestarien liigan": 594,
        "j\u00e4\u00e4kiekon maailmanmestaruuskilpailut": 555,
        "power rangers": 541,
        "eurovision laulukilpailu": 506,
        "final fantasy": 502,
        "hiihdon maailmanmestaruuskilpailut": 465,
        "hiihdon suomen-mestaruuskilpailut": 464,
        "luettelo pikkuplaneetoista": 441,
        "jalkapallon maailmanmestaruuskilpailut": 420,
        "luettelo videopelin": 413,
        "the legend": 395,
        "kid\u014d senshi": 393,
        "suomen ilmavoimien": 372,
        "samsung galaxy": 368,
        "new york": 339,
        "lentopallon miesten": 332,
        "luettelo henkil\u00f6ist\u00e4": 303,
        "jalkapallon mestaruussarjan": 303,
        "euroopan unionin": 302,
        "j\u00e4\u00e4kiekko talviolympialaisissa": 302,
        "suomen presidentinvaali": 299,
        "major league": 290,
        "eurooppa-liigan kauden": 285,
        "tampereen ilveksen": 281,
        "luettelo warcraftin": 278,
        "suomi yleisurheilun": 272,
        "pes\u00e4pallon suomensarja": 271,
        "star wars": 268,
        "koripallon naisten": 265,
        "yleisurheilu kes\u00e4olympialaisissa": 263,
        "oulun k\u00e4rppien": 262,
        "luettelo one": 262,
        "luettelo suomalaisista": 254,
        "jalkapallo yst\u00e4vyydelle": 251,
        "suomi kes\u00e4olympialaisissa": 249,
        "sinfonia nro": 249,
        "helsingin seudun": 248,
        "yhdistyneen kuningaskunnan": 247,
        "pes\u00e4pallon miesten": 239,
        "carl gustaf": 239,
        "suomen sis\u00e4llissota": 236,
        "metal gear": 233
    }
}