{
    "language": "fr",
    "passages": 14636953,
    "documents": 2325608,
    "mean_document_length": 191.81170654296875,
    "mean_title_length": 19.718990325927734,
    "avg_document_length": 2038.6265243326914,
    "avg_title_length": 19.718989874461816,
    "min_document_length": 1,
    "min_title_length": 1,
    "max_document_length": 578388,
    "max_title_length": 233,
    "unigram_freq_doc": {
        "le": 1886591,
        "la": 1293334,
        "en": 1198398,
        "il": 762727,
        "les": 753881,
        "\u00e0": 265003,
        "elle": 231718,
        "dans": 228212,
        "cette": 196522,
        "au": 192564,
        "apr\u00e8s": 192025,
        "de": 142609,
        "un": 136688,
        "une": 133390,
        "ce": 106973,
        "selon": 106877,
        "pour": 106189,
        "son": 97603,
        "lors": 93005,
        "cest": 88559,
        "on": 86225,
        "depuis": 80723,
        "par": 76547,
        "avec": 68575,
        "a": 58046,
        "des": 51877,
        "sur": 51567,
        "sa": 49205,
        "pendant": 43464,
        "ces": 42189,
        "cet": 41261,
        "durant": 41056,
        "l\u00e9glise": 40757,
        "ses": 40393,
        "": 40130,
        "comme": 39698,
        "loccupation": 33517,
        "d\u00e8s": 33440,
        "si": 31855,
        "parmi": 31708,
        "lign": 31656,
        "bien": 29876,
        "entre": 29272,
        "plusieurs": 28290,
        "n\u00e9": 27979,
        "deux": 26315,
        "mais": 24668,
        "avant": 24319,
        "aux": 22683,
        "alors": 22385
    },
    "unigram_freq_title": {
        "la": 120176,
        "le": 116206,
        "histoire": 109322,
        "liste": 108840,
        "\u00e9glise": 105916,
        "championnat": 94166,
        "ch\u00e2teau": 79387,
        "gare": 74599,
        "les": 74157,
        "saison": 66224,
        "jean": 61826,
        "the": 55667,
        "pierre": 54397,
        "bataille": 52627,
        "\u00e9lections": 51314,
        "charles": 44294,
        "rue": 43210,
        "john": 41923,
        "\u00e9quipe": 37098,
        "coupe": 36633,
        "louis": 36339,
        "canton": 34567,
        "paul": 34146,
        "robert": 32559,
        "fran\u00e7ois": 31868,
        "jacques": 31656,
        "ligne": 31568,
        "mus\u00e9e": 30473,
        "abbaye": 29302,
        "communaut\u00e9": 28758,
        "tournoi": 27504,
        "parc": 26844,
        "grand": 26437,
        "joseph": 26336,
        "henri": 26285,
        "famille": 24864,
        "david": 24390,
        "michel": 24194,
        "william": 23779,
        "maison": 23271,
        "andr\u00e9": 22138,
        "lac": 21486,
        "georges": 21345,
        "guerre": 21260,
        "philippe": 21239,
        "universit\u00e9": 20800,
        "affaire": 20443,
        "phare": 20442,
        "tour": 20327,
        "rivi\u00e8re": 20271
    },
    "digram_freq_doc": {
        "le": 252560,
        "il est": 195227,
        "en": 120530,
        "la commune": 87480,
        "\u00e0 la": 85152,
        "il a": 80717,
        "cette esp\u00e8ce": 70713,
        "elle est": 69702,
        "dans le": 55632,
        "lors de": 49182,
        "apr\u00e8s la": 46492,
        "dans les": 45541,
        "\u00e0 partir": 42943,
        "dans la": 39639,
        "la premi\u00e8re": 38275,
        "par ailleurs": 37646,
        "le nom": 36412,
        "la ville": 36333,
        "apr\u00e8s avoir": 33486,
        "il se": 32860,
        "loccupation des": 32794,
        "lign met": 31622,
        "au d\u00e9but": 31076,
        "le premier": 30119,
        "en 2018": 29784,
        "au cours": 29301,
        "elle a": 28571,
        "le village": 28429,
        "il existe": 28155,
        "au": 26203,
        "selon": 25391,
        "le ch\u00e2teau": 24713,
        "lors du": 24300,
        "en france": 23473,
        "la gare": 23202,
        "parmi les": 22282,
        "la saison": 22033,
        "a \u00e9t\u00e9": 20705,
        "lorbite de": 20437,
        "le groupe": 20380,
        "sur le": 20168,
        "bien que": 19930,
        "avec le": 19820,
        "de 1975": 19425,
        "il sagit": 19389,
        "a une": 18782,
        "il y": 18627,
        "cet article": 18431,
        "son nom": 17691,
        "le film": 17456
    },
    "digram_freq_title": {
        "liste des": 89252,
        "gare de": 61470,
        "ch\u00e2teau de": 60033,
        "histoire de": 59514,
        "championnat de": 41892,
        "bataille de": 40746,
        "canton de": 27654,
        "championnat du": 23555,
        "communaut\u00e9 de": 21867,
        "histoire du": 20920,
        "tournoi de": 20670,
        "personnages de": 16449,
        "\u00e9lections l\u00e9gislatives": 16317,
        "phare de": 15429,
        "grand prix": 15389,
        "abbaye de": 15221,
        "histoire des": 15174,
        "\u00e9quipe de": 14910,
        "ligne de": 12467,
        "liste de": 12336,
        "parc national": 11925,
        "district de": 11456,
        "comt\u00e9 de": 11426,
        "relations entre": 11053,
        "coupe du": 10147,
        "tour de": 9876,
        "h\u00f4tel de": 9652,
        "coupe de": 9524,
        "famille de": 8916,
        "d\u00e9mographie de": 8874,
        "rue de": 8530,
        "si\u00e8ge de": 8397,
        "\u00e9lection pr\u00e9sidentielle": 8283,
        "\u00e9glise de": 8022,
        "dioc\u00e8se de": 7383,
        "universit\u00e9 de": 7321,
        "championnats du": 7129,
        "\u00e9glise saint-martin": 6954,
        "maison de": 6951,
        "\u00e9quipe cycliste": 6884,
        "province de": 6862,
        "\u00e9lections municipales": 6734,
        "pand\u00e9mie de": 6706,
        "\u00e9conomie de": 6407,
        "a\u00e9roport de": 6393,
        "mus\u00e9e de": 6376,
        "r\u00e9serve naturelle": 6078,
        "th\u00e9or\u00e8me de": 6075,
        "jean de": 5965,
        "\u00e9quipe du": 5829
    }
}