{
    "language": "ja",
    "passages": 6953614,
    "documents": 1133444,
    "mean_document_length": 844.265625,
    "mean_title_length": 8.237926483154297,
    "avg_document_length": 844.2656346497562,
    "avg_title_length": 8.23792649405025,
    "min_document_length": 1,
    "min_title_length": 1,
    "max_document_length": 238365,
    "max_title_length": 208,
    "unigram_freq_doc": {
        "\u51fa\u5178": 4757,
        "": 3535,
        "\u6ce8\u91c8": 3012,
        "\u96a3\u63a5\u3059\u308b\u30b3\u30e0\u30fc\u30cd\u306f\u4ee5\u4e0b\u306e\u901a\u308a\u3002": 2450,
        "the": 1927,
        "\u9234\u6728": 1658,
        "\u203b": 1643,
        "\u4f50\u85e4": 1603,
        "\u592a\u5b57\u306f\u30e1\u30a4\u30f3\u30ad\u30e3\u30e9\u30af\u30bf\u30fc\u3002": 1564,
        "\u7530\u4e2d": 1418,
        "\u306a\u3069": 1412,
        "\u76ee\u6b21\u3078\u79fb\u52d5\u3059\u308b": 1409,
        "\u203b\u62ec\u5f27\u5185\u306f\u65e5\u672c\u8a9e\u5439\u66ff": 1400,
        "\u4e2d\u6751": 1266,
        "\u4ee5\u4e0b\u306f2000\u5e74\u306e\u56fd\u52e2\u8abf\u67fb\u306b\u3088\u308b\u4eba\u53e3\u7d71\u8a08\u30c7\u30fc\u30bf\u3067\u3042\u308b\u3002": 1249,
        "\u9ad8\u6a4b": 1210,
        "2011\u5e74": 1178,
        "\u85e4\u539f": 1146,
        "2012\u5e74": 1144,
        "\u5c71\u672c": 1121,
        "\u4f0a\u85e4": 1118,
        "\u4e8c\u8a66\u5408\u5408\u8a08\u30b9\u30b3\u30a2": 1087,
        "2010\u5e74": 1064,
        "\u7dcf\u6570": 1060,
        "\u5c0f\u6797": 1059,
        "2013\u5e74": 1039,
        "\u52a0\u85e4": 1023,
        "1": 999,
        "windows": 982,
        "\u307b\u304b": 980,
        "2009\u5e74": 978,
        "2008\u5e74": 967,
        "\u300ethe": 966,
        "2014\u5e74": 961,
        "2015\u5e74": 945,
        "2006\u5e74": 931,
        "\u5c71\u7530": 931,
        "\u6e21\u8fba": 931,
        "\u5409\u7530": 922,
        "2007\u5e74": 899,
        "\u4e95\u4e0a": 863,
        "\u674e": 863,
        "2016\u5e74": 859,
        "\u6e96\u6c7a\u52dd": 820,
        "2005\u5e74": 814,
        "2017\u5e74": 810,
        "\u6797": 793,
        "\u677e\u5e73": 781,
        "\u305d\u306e\u4ed6": 768,
        "2004\u5e74": 767
    },
    "unigram_freq_title": {
        "the": 7395,
        "\u30c9\u30e9\u3048\u3082\u3093\u306e\u3072\u307f\u3064\u9053\u5177": 6090,
        "\u30dd\u30b1\u30e2\u30f3\u306e\u4e00\u89a7": 2788,
        "microsoft": 1878,
        "ufc": 1718,
        "\u4e09\u56fd\u6bba\u6b66\u5c06\u4e00\u89a7": 1626,
        "\u6a5f\u52d5\u6226\u58eb\u30ac\u30f3\u30c0\u30e0": 1415,
        "love": 1287,
        "one": 1197,
        "\u30c9\u30e9\u3048\u3082\u3093": 1145,
        "\u8ecd\u670d": 1081,
        "\u30c6\u30a4\u30eb\u30ba": 1061,
        "uefa\u30c1\u30e3\u30f3\u30d4\u30aa\u30f3\u30ba\u30ea\u30fc\u30b0": 1051,
        "iso": 1005,
        "intel": 1001,
        "\u53cd\u30e6\u30c0\u30e4\u4e3b\u7fa9": 919,
        "\u30eb\u30d1\u30f3\u4e09\u4e16": 895,
        "\u5287\u5834\u7248": 886,
        "\u30dd\u30b1\u30c3\u30c8\u30e2\u30f3\u30b9\u30bf\u30fc": 883,
        "windows": 879,
        "google": 833,
        "uefa\u30e8\u30fc\u30ed\u30c3\u30d1\u30ea\u30fc\u30b0": 831,
        "ibm": 813,
        "softbank": 789,
        "tokyo": 781,
        "\u540d\u63a2\u5075\u30b3\u30ca\u30f3": 759,
        "dj": 750,
        "i": 745,
        "prolog": 721,
        "\u30c8\u30e9\u30f3\u30b9\u30d5\u30a9\u30fc\u30de\u30fc": 706,
        "\u5343\u591c\u4e00\u591c\u7269\u8a9e\u306e\u3042\u3089\u3059\u3058": 701,
        "super": 697,
        "\u30af\u30ec\u30e8\u30f3\u3057\u3093\u3061\u3083\u3093": 664,
        "\u30c7\u30c3\u30c9": 661,
        "playstation": 661,
        "world": 656,
        "uefa": 647,
        "live": 645,
        "\u6a5f\u52d5\u6226\u58eb\u30ac\u30f3\u30c0\u30e0\u306e\u767b\u5834\u4eba\u7269": 642,
        "2018": 628,
        "hd": 615,
        "\u6c11\u6cd5\u5178\u8ad6\u4e89": 603,
        "new": 596,
        "\u6620\u753b": 595,
        "\u30a2\u30e1\u30ea\u30ab\u5408\u8846\u56fd\u306e\u6b74\u53f2": 589,
        "my": 583,
        "ngc": 568,
        "music": 564,
        "\u5927\u725f\u75304\u4eba\u6bba\u5bb3\u4e8b\u4ef6": 553,
        "a": 549
    },
    "digram_freq_doc": {
        "\u51fa\u5178": 4460,
        "\u6ce8\u91c8": 2835,
        "\u96a3\u63a5\u3059\u308b\u30b3\u30e0\u30fc\u30cd\u306f\u4ee5\u4e0b\u306e\u901a\u308a\u3002": 2376,
        "\u203b\u62ec\u5f27\u5185\u306f\u65e5\u672c\u8a9e\u5439\u66ff": 1352,
        "\u306a\u3069": 1343,
        "\u76ee\u6b21\u3078\u79fb\u52d5\u3059\u308b": 1264,
        "\u592a\u5b57\u306f\u30e1\u30a4\u30f3\u30ad\u30e3\u30e9\u30af\u30bf\u30fc\u3002": 1155,
        "\u7dcf\u6570 \u5358\u4f4d\uff1a": 994,
        "\u307b\u304b": 897,
        "2011\u5e74": 752,
        "2012\u5e74": 751,
        "\u6e96\u6c7a\u52dd": 728,
        "2010\u5e74": 679,
        "\u305d\u306e\u4ed6": 677,
        "\u4ed6": 669,
        "2013\u5e74": 632,
        "\u306a\u3057": 624,
        "2008\u5e74": 599,
        "\u4ee5\u4e0b\u306f2000\u5e74\u306e\u56fd\u52e2\u8abf\u67fb\u306b\u3088\u308b\u4eba\u53e3\u7d71\u8a08\u30c7\u30fc\u30bf\u3067\u3042\u308b\u3002": 584,
        "2009\u5e74": 580,
        "\u51fa\u5178\u3001judoinsidecom\u3002": 562,
        "2014\u5e74": 555,
        "\u58f0 -": 550,
        "2015\u5e74": 524,
        "2007\u5e74": 518,
        "2006\u5e74": 510,
        "\u901a\u7b97colspan2afc": 492,
        "\u6e96\u3005\u6c7a\u52dd": 472,
        "2016\u5e74": 470,
        "2017\u5e74\uff08\u5e73\u621029\u5e74\uff0912\u67081\u65e5\u73fe\u5728\u306e\u4e16\u5e2f\u6570\u3068\u4eba\u53e3\u306f\u4ee5\u4e0b\u306e\u901a\u308a\u3067\u3042\u308b\u3002 \u533a\u7acb\u5c0f\u30fb\u4e2d\u5b66\u6821\u306b\u901a\u3046\u5834\u5408\u3001\u5b66\u533a\u306f\u4ee5\u4e0b\u306e\u901a\u308a\u3068\u306a\u308b\u3002": 439,
        "2005\u5e74": 430,
        "2017\u5e74": 407,
        "\u3044\u305a\u308c\u3082\u65e5\u672c\u6a19\u6e96\u6642\u3002": 381,
        "2004\u5e74": 361,
        "\u592a\u5b57\u306f\u653e\u9001\u4e2d\u3002\u203b\u306f\u30a4\u30f3\u30bf\u30fc\u30cd\u30c3\u30c8\u914d\u4fe1\u3002": 350,
        "\u300e\u516d\u56fd\u53f2\u300f\u306b\u3088\u308b\u3002": 345,
        "2018\u5e74": 342,
        "\u4ed6\u591a\u6570": 342,
        "\u306a\u3069\u3002": 324,
        "\uff08\u51fa\u5178\uff1a\uff09": 313,
        "2003\u5e74": 310,
        "\u4ea4\u901a\u30a2\u30af\u30bb\u30b9": 309,
        "\u300e\u7d9a\u65e5\u672c\u7d00\u300f\u306b\u3088\u308b\u3002": 300,
        "dvd": 295,
        "rowspan3": 295,
        "cd": 283,
        "\u3068\u306a\u308b\u3002": 275,
        "\u5e02\u7acb\u5c0f\u30fb\u4e2d\u5b66\u6821\u306b\u901a\u3046\u5834\u5408\u3001\u5b66\u533a\u306f\u4ee5\u4e0b\u306e\u901a\u308a\u3068\u306a\u308b\u3002": 270,
        "\u203b\u62ec\u5f27\u5185\u306f\u65e5\u672c\u8a9e\u5439\u304d\u66ff\u3048": 265,
        "uefa euro": 264
    },
    "digram_freq_title": {
        "\u4e09\u56fd\u6bba\u6b66\u5c06\u4e00\u89a7": 1626,
        "\u30c6\u30a4\u30eb\u30ba \u30aa\u30d6": 1060,
        "\u30c9\u30e9\u3048\u3082\u3093\u306e\u3072\u307f\u3064\u9053\u5177 1979\u5e74\u306e\u30c6\u30ec\u30d3\u30a2\u30cb\u30e1": 1044,
        "\u53cd\u30e6\u30c0\u30e4\u4e3b\u7fa9": 919,
        "the idolmster": 731,
        "prolog": 719,
        "\u5343\u591c\u4e00\u591c\u7269\u8a9e\u306e\u3042\u3089\u3059\u3058": 701,
        "microsoft windows": 653,
        "\u30c7\u30c3\u30c9 \u30aa\u30a2": 638,
        "\u6c11\u6cd5\u5178\u8ad6\u4e89": 603,
        "\u30c9\u30e9\u3048\u3082\u3093\u306e\u3072\u307f\u3064\u9053\u5177 2005\u5e74\u306e\u30c6\u30ec\u30d3\u30a2\u30cb\u30e1": 577,
        "\u5927\u725f\u75304\u4eba\u6bba\u5bb3\u4e8b\u4ef6": 553,
        "\u95c7\u30b5\u30a4\u30c8\u6bba\u4eba\u4e8b\u4ef6": 539,
        "\u5b87\u5b99\u4e16\u7d00\u306e\u767b\u5834\u6a5f\u52d5\u5175\u5668\u4e00\u89a7": 531,
        "\u4e09\u904a\u4ead\u306f\u3089\u3057\u3087\u3046": 511,
        "\u80a9\u3092\u3059\u304f\u3081\u308b\u30a2\u30c8\u30e9\u30b9\u306e\u767b\u5834\u4eba\u7269\u4e00\u89a7": 511,