{
    "language": "ko",
    "passages": 1486752,
    "documents": 437373,
    "mean_document_length": 566.4102783203125,
    "mean_title_length": 7.349809646606445,
    "avg_document_length": 566.4102562343738,
    "avg_title_length": 7.349809517660006,
    "min_document_length": 1,
    "min_title_length": 1,
    "max_document_length": 115766,
    "max_title_length": 96,
    "unigram_freq_doc": {
        "\uc774": 23914,
        "\uadf8\ub294": 9398,
        "\uadf8\ub7ec\ub098": 7762,
        "\ub610\ud55c": 6735,
        "\ud55c\ud3b8": 6473,
        "\uadf8": 6167,
        "\uc774\ud6c4": 5942,
        "2010\ub144": 5221,
        "2011\ub144": 5095,
        "2008\ub144": 5026,
        "2014\ub144": 4917,
        "2012\ub144": 4592,
        "2013\ub144": 4544,
        "2016\ub144": 4433,
        "2009\ub144": 4362,
        "\ub300\ud55c\ubbfc\uad6d": 4304,
        "2015\ub144": 4124,
        "\ud604\uc7ac": 4094,
        "2007\ub144": 3826,
        "2017\ub144": 3599,
        "2006\ub144": 3468,
        "2018\ub144": 3437,
        "\uadf8\uc758": 3286,
        "\ub2e4\uc74c\uc740": 3233,
        "\ud558\uc9c0\ub9cc": 2821,
        "2005\ub144": 2744,
        "\uc774\ub7ec\ud55c": 2566,
        "2004\ub144": 2396,
        "\ubbf8\uad6d": 2295,
        "2002\ub144": 2254,
        "\uadf8\ub9ac\uace0": 2023,
        "\ub2f9\uc2dc": 2012,
        "\ub610": 2001,
        "\uae30\uc6d0\uc804": 1983,
        "2003\ub144": 1939,
        "\uc774\uc5d0": 1774,
        "1": 1772,
        "2000\ub144": 1763,
        "\ub450": 1731,
        "\uc870\uc120": 1728,
        "\uc77c\ubcf8": 1615,
        "2001\ub144": 1608,
        "-": 1605,
        "\uc81c2\ucc28": 1561,
        "\ubaa8\ub4e0": 1559,
        "\ub2e4\ub978": 1425,
        "\uac19\uc740": 1419,
        "1945\ub144": 1381,
        "1999\ub144": 1363,
        "\ud2b9\ud788": 1338
    },
    "unigram_freq_title": {
        "\ub300\ud55c\ubbfc\uad6d": 7378,
        "\ub300\ud55c\ubbfc\uad6d\uc758": 4042,
        "\uad50\ud669": 3334,
        "\uc874": 2896,
        "\uc11c\uc6b8": 2567,
        "2018\ub144": 2411,
        "\ubbf8\uad6d": 2126,
        "uefa": 1890,
        "2014\ub144": 1876,
        "\ubd88\uad50": 1846,
        "\ud55c\uad6d\uc758": 1661,
        "the": 1649,
        "2010\ub144": 1623,
        "\uc77c\ubcf8\uc758": 1604,
        "\uc870\uc120": 1591,
        "\uac00\uba74\ub77c\uc774\ub354": 1468,
        "\uc81c\uc784\uc2a4": 1438,
        "\uc77c\ubcf8": 1438,
        "\ubbf8\uad6d\uc758": 1415,
        "\ub354": 1398,
        "\ub3c5\uc77c": 1346,
        "2008\ub144": 1345,
        "\uc0bc\uc131": 1337,
        "\uc81c2\ucc28": 1254,
        "\ub3c5\uc77c\uc758": 1250,
        "\uc774\ub2ec\uc758": 1232,
        "\uc70c\ub9ac\uc5c4": 1206,
        "\uacbd\uc8fc": 1198,
        "\uc870\uc9c0": 1194,
        "2016\ub144": 1175,
        "2012\ub144": 1149,
        "\ub85c\ubc84\ud2b8": 1146,
        "fc": 1116,
        "\uc77c\ubcf8\uad6d\uc720\ucca0\ub3c4": 1067,
        "\uc708\ub3c4\uc6b0": 1012,
        "\ud0dc\ud48d": 1001,
        "\ub9c8\uc774\ud074": 987,
        "\ud504\ub791\uc2a4": 986,
        "2011\ub144": 980,
        "\ub370\uc774\ube44\ub4dc": 967,
        "\ud55c\uad6d": 961,
        "lg": 960,
        "\uad6d\uc81c": 954,
        "\ub3c4\ucfc4": 953,
        "2015\ub144": 915,
        "\uc81c1\ucc28": 895,
        "\ud3f4": 882,
        "\uc138\uacc4": 881,
        "\uc720\ub7fd": 880,
        "2013\ub144": 873
    },
    "digram_freq_doc": {
        "\uadf8 \ud6c4": 1679,
        "\uc81c2\ucc28 \uc138\uacc4": 940,
        "\uc774 \ubb38\uc11c\ub294": 937,
        "\uadf8 \ub4a4": 921,
        "\ub300\ud55c\ubbfc\uad6d \ubbfc\ubc95": 840,
        "\uc5f0\ud3c9\uade0 \uae30\uc628\uc740": 767,
        "\uc608\ub97c \ub4e4\uc5b4": 733,
        "\uc0c1\ub300\uc2dd \uc2b9\uac15\uc7a5": 508,
        "\uac19\uc740 \ud574": 493,
        "\ub300\ud55c\ubbfc\uad6d \ud615\uc0ac\uc18c\uc1a1\ubc95": 444,
        "\uc12c\uc2dd \uc2b9\uac15\uc7a5": 437,
        "\ub2e4\uc74c\uacfc \uac19\uc740": 437,
        "\uc774 \ucc45\uc740": 416,
        "\uc2b9\ub9ac\ud22c\uc218": 411,
        "2008\ub144 \ud558\uacc4": 408,
        "\uc81c1\ucc28 \uc138\uacc4": 396,
        "\uccab \ubc88\uc9f8": 388,
        "\ub450 \ubc88\uc9f8": 373,
        "cd": 364,
        "\uc774\uc5d0 \ub300\ud574": 360,
        "\uc790\ucf13 \uc0ac\uc9c4": 353,
        "2018\ub144 1\uc6d4": 351,
        "2011\ub144 7\uc6d4": 334,
        "2011\ub144 1\uc6d4": 330,
        "2014\ub144 1\uc6d4": 323,
        "dvd": 323,
        "2011\ub144 12\uc6d4": 316,
        "\ub300\ud55c\ubbfc\uad6d \ud615\ubc95": 316,
        "\ubd81\uadf9\uc810\uc5d0\uc11c \ub0a8\uadf9\uc810\uae4c\uc9c0": 313,
        "\ub2e4\uc74c\uc740 \ub300\ud55c\ubbfc\uad6d\uc758": 312,
        "\uc77c\uc81c \uac15\uc810\uae30": 311,
        "2011\ub144 3\uc6d4": 307,
        "\uc774 \uc601\ud654\ub294": 303,
        "\uc774 \ub54c": 302,
        "\uc774 \ubaa9\ub85d\uc740": 302,
        "2014\ub144 7\uc6d4": 301,
        "2014\ub144 4\uc6d4": 299,
        "2013\ub144 1\uc6d4": 298,
        "2016\ub144 1\uc6d4": 298,
        "\uc774 \uc791\ud488\uc740": 297,
        "2013\ub144 7\uc6d4": 295,
        "\uac19\uc740 \uc2dc\uae30\uc5d0": 294,
        "2017\ub144 1\uc6d4": 294,
        "\uc774\uc640 \uac19\uc774": 291,
        "2014\ub144 12\uc6d4": 283,
        "2011\ub144 8\uc6d4": 283,
        "2016\ub144 7\uc6d4": 277,
        "2014\ub144 3\uc6d4": 274,
        "2009\ub144 12\uc6d4": 273,
        "2010\ub144 6\uc6d4": 269
    },
    "digram_freq_title": {
        "\ubd88\uad50 \uc6a9\uc5b4": 1813,
        "\uc774\ub2ec\uc758 \uae30\uc790\uc0c1": 1220,
        "\ub300\ud55c\ubbfc\uad6d \ubbfc\ubc95": 1004,
        "\uc0bc\uc131 \uac24\ub7ed\uc2dc": 857,
        "2018\ub144 \ub3d9\uacc4": 857,
        "2008\ub144 \ud558\uacc4": 754,
        "613 \uacc4\uba85": 695,
        "uefa \ucc54\ud53c\uc5b8\uc2a4\ub9ac\uadf8": 633,
        "\ubbf8\uad6d\uc758 \uc5ed\uc0ac": 628,
        "\uc774\uc870": 627,
        "\ub3d9\uc77c\ubcf8 \uc5ec\uac1d\ucca0\ub3c4": 599,
        "\uc81c2\ucc28 \uc138\uacc4": 571,
        "\ub300\ud55c\ubbfc\uad6d \ud615\uc0ac\uc18c\uc1a1\ubc95": 570,
        "\ub178\ubd80\ub098\uac00\uc758 \uc57c\ub9dd": 555,
        "\uad50\ud5a5\uc545\ucd95\uc81c\uc758 \uc5ed\ub300": 544,
        "uefa \uc720\ub85c": 518,
        "2014\ub144 fifa": 471,
        "\ub300\ud55c\ubbfc\uad6d \ud615\ubc95": 437,
        "2010\ub144 \ub3d9\uacc4": 413,
        "\uc774\uc2b9\ub9cc": 397,
        "2018\ub144 fifa": 386,
        "2010\ub144 fifa": 380,
        "\uc724\uce58\ud638": 362,
        "\uc138\uc6d4\ud638 \uce68\ubab0": 345,
        "\uc804\uc8fc\uc2dc\uc758 \uc5ed\uc0ac": 345,
        "\ub300\ud55c\ubbfc\uad6d \uc81c17\ub300": 341,
        "\uc774\uad11\uc218": 339,
        "\uc11c\uc7ac\ud544": 336,
        "2012\ub144 \ud558\uacc4": 335,
        "\uc724\ubcf4\uc120": 332,
        "1900\ub144 \ud558\uacc4": 329,
        "2016\ub144 \ud558\uacc4": 328,
        "\ub098\ud61c\uc11d": 327,
        "\uae40\uad6c": 322,
        "\uc9f1\uad6c\ub294 \ubabb\ub9d0\ub824": 320,
        "\uad50\ud669 \uc694\ud55c": 319,
        "atc \ucf54\ub4dc": 310,
        "\ubd88\ubc95\ud589\uc704 \ud310\ub840": 310,
        "\ub2c8\ud63c\uca29\uc758 \ub4f1\uc7a5\uc778\ubb3c": 306,
        "\ubc15\ud5cc\uc601": 306,
        "\ucf5c \uc624\ube0c": 305,
        "\uad6d\uac00\uc815\ubcf4\uc6d0 \uc5ec\ub860": 304,
        "\uc7a5\uba74": 296,
        "\uc544\ub4dc\uba3c \uc560\ub2c8\uba54\uc774\uc158": 293,
        "\ubc15\uc911\uc591": 291,
        "2018\ub144 \uc544\uc2dc\uc548": 288,
        "\ub300\uc804 \uc2dc\ud2f0\uc98c": 287,
        "\ub300\ud55c\ubbfc\uad6d \uc0c1\ubc95": 285,
        "the idolmster": 282,
        "\uad50\ud669 \uadf8\ub808\uace0\ub9ac\uc624": 281
    }
}