{
    "language": "th",
    "passages": 542166,
    "documents": 128179,
    "mean_document_length": 1430.2568359375,
    "mean_title_length": 18.686704635620117,
    "avg_document_length": 1430.2569297622679,
    "avg_title_length": 18.68670480996659,
    "min_document_length": 2,
    "min_title_length": 1,
    "max_document_length": 132919,
    "max_title_length": 182,
    "unigram_freq_doc": {
        "\u0e43\u0e19\u0e1b\u0e35": 8869,
        "\u0e40\u0e2b\u0e15\u0e38\u0e01\u0e32\u0e23\u0e13\u0e4c\u0e17\u0e35\u0e48\u0e40\u0e01\u0e34\u0e14\u0e02\u0e36\u0e49\u0e19\u0e43\u0e19": 5940,
        "\u0e27\u0e31\u0e19\u0e17\u0e35\u0e48": 3887,
        "\u0e1e\u0e28": 3416,
        "\u0e43\u0e19\u0e27\u0e31\u0e19\u0e17\u0e35\u0e48": 2800,
        "\u0e1e\u0e38\u0e17\u0e18\u0e28\u0e31\u0e01\u0e23\u0e32\u0e0a": 2680,
        "\u0e1b\u0e35": 2543,
        "\u0e40\u0e21\u0e37\u0e48\u0e2d\u0e27\u0e31\u0e19\u0e17\u0e35\u0e48": 1929,
        "-": 1859,
        "\u0e1b\u0e31\u0e08\u0e08\u0e38\u0e1a\u0e31\u0e19": 1764,
        "\u0e43\u0e19": 1618,
        "1": 1389,
        "\u0e19\u0e2d\u0e01\u0e08\u0e32\u0e01\u0e19\u0e35\u0e49": 1276,
        "2": 1252,
        "\u0e04\u0e33\u0e27\u0e48\u0e32": 1168,
        "\u0e15\u0e48\u0e2d\u0e21\u0e32": 1114,
        "3": 967,
        "": 966,
        "\u0e23\u0e27\u0e21\u0e1c\u0e25\u0e2a\u0e2d\u0e07\u0e19\u0e31\u0e14": 879,
        "\u0e15\u0e48\u0e2d\u0e21\u0e32\u0e43\u0e19\u0e1b\u0e35": 807,
        "\u0e40\u0e1e\u0e25\u0e07": 772,
        "\u0e2d\u0e22\u0e48\u0e32\u0e07\u0e44\u0e23\u0e01\u0e47\u0e15\u0e32\u0e21": 765,
        "\u0e40\u0e21\u0e37\u0e48\u0e2d": 747,
        "4": 712,
        "\u0e40\u0e2a\u0e49\u0e19\u0e40\u0e21\u0e23\u0e34\u0e40\u0e14\u0e35\u0e22\u0e19\u0e17\u0e35\u0e48": 683,
        "\u0e2b\u0e21\u0e32\u0e22\u0e40\u0e2b\u0e15\u0e38": 585,
        "\u0e1a\u0e23\u0e34\u0e29\u0e31\u0e17": 573,
        "\u0e2d\u0e19\u0e36\u0e48\u0e07": 538,
        "\u0e43\u0e19\u0e1b\u0e23\u0e30\u0e40\u0e17\u0e28\u0e44\u0e17\u0e22": 521,
        "5": 517,
        "the": 505,
        "\u0e2b\u0e25\u0e31\u0e07\u0e08\u0e32\u0e01\u0e19\u0e31\u0e49\u0e19": 496,
        "\u0e17\u0e31\u0e49\u0e07\u0e19\u0e35\u0e49": 462,
        "\u0e1e\u0e23\u0e30\u0e40\u0e08\u0e49\u0e32\u0e1a\u0e23\u0e21\u0e27\u0e07\u0e28\u0e4c\u0e40\u0e18\u0e2d": 424,
        "\u0e04\u0e28": 390,
        "6": 382,
        "\u0e40\u0e21\u0e37\u0e48\u0e2d\u0e1b\u0e35": 381,
        "\u0e1a\u0e17\u0e04\u0e27\u0e32\u0e21\u0e2b\u0e25\u0e31\u0e01": 366,
        "\u0e43\u0e19\u0e1b\u0e35\u0e1e\u0e28": 360,
        "\u0e28\u0e32\u0e2a\u0e15\u0e23\u0e32\u0e08\u0e32\u0e23\u0e22\u0e4c": 359,
        "\u0e1e\u0e25\u0e40\u0e2d\u0e01": 346,
        "\u0e43\u0e19\u0e1b\u0e31\u0e08\u0e08\u0e38\u0e1a\u0e31\u0e19": 331,
        "\u0e19\u0e2d\u0e01\u0e08\u0e32\u0e01\u0e19\u0e35\u0e49\u0e41\u0e25\u0e49\u0e27": 329,
        "\u0e2d\u0e22\u0e48\u0e32\u0e07\u0e44\u0e23\u0e01\u0e47\u0e14\u0e35": 327,
        "7": 316,
        "\u0e08\u0e32\u0e01\u0e19\u0e31\u0e49\u0e19": 310,
        "\u0e24\u0e14\u0e39\u0e01\u0e32\u0e25": 307,
        "\u0e13": 303,
        "\u0e1b\u0e35\u0e01\u0e32\u0e23\u0e28\u0e36\u0e01\u0e29\u0e32": 295,
        "\u2022": 292
    },
    "unigram_freq_title": {
        "\u0e1e\u0e28": 2816,
        "\u0e2d\u0e40\u0e21\u0e23\u0e34\u0e01\u0e32\u0e2a\u0e4c\u0e40\u0e19\u0e47\u0e01\u0e0b\u0e15\u0e4c\u0e17\u0e47\u0e2d\u0e1b\u0e42\u0e21\u0e40\u0e14\u0e25": 1162,
        "\u0e07\u0e32\u0e19\u0e1b\u0e23\u0e30\u0e01\u0e32\u0e28\u0e1c\u0e25\u0e23\u0e32\u0e07\u0e27\u0e31\u0e25\u0e2d\u0e2d\u0e2a\u0e01\u0e32\u0e23\u0e4c": 1012,
        "\u0e40\u0e2a\u0e49\u0e19\u0e40\u0e21\u0e23\u0e34\u0e40\u0e14\u0e35\u0e22\u0e19\u0e17\u0e35\u0e48": 1011,
        "\u0e1e\u0e23\u0e30\u0e40\u0e08\u0e49\u0e32\u0e1a\u0e23\u0e21\u0e27\u0e07\u0e28\u0e4c\u0e40\u0e18\u0e2d": 947,
        "\u0e22\u0e39\u0e1f\u0e48\u0e32\u0e22\u0e39\u0e42\u0e23\u0e1b\u0e32\u0e25\u0e35\u0e01": 756,
        "\u0e08\u0e2d\u0e2b\u0e4c\u0e19": 743,
        "\u0e22\u0e39\u0e1f\u0e48\u0e32\u0e41\u0e0a\u0e21\u0e40\u0e1b\u0e35\u0e22\u0e19\u0e2a\u0e4c\u0e25\u0e35\u0e01": 636,
        "\u0e42\u0e15\u0e42\u0e22\u0e15\u0e49\u0e32": 528,
        "\u0e04\u0e34\u0e21": 504,
        "\u0e23\u0e32\u0e22\u0e0a\u0e37\u0e48\u0e2d\u0e15\u0e31\u0e27\u0e25\u0e30\u0e04\u0e23\u0e43\u0e19\u0e27\u0e31\u0e19\u0e1e\u0e35\u0e0b": 501,
        "nepenthes": 487,
        "\u0e17\u0e32\u0e07\u0e2b\u0e25\u0e27\u0e07\u0e41\u0e1c\u0e48\u0e19\u0e14\u0e34\u0e19\u0e2b\u0e21\u0e32\u0e22\u0e40\u0e25\u0e02": 473,
        "\u0e1f\u0e38\u0e15\u0e1a\u0e2d\u0e25\u0e42\u0e25\u0e01": 428,
        "\u0e04\u0e13\u0e30\u0e23\u0e31\u0e10\u0e21\u0e19\u0e15\u0e23\u0e35\u0e44\u0e17\u0e22": 425,
        "\u0e44\u0e21\u0e40\u0e04\u0e34\u0e25": 401,
        "\u0e40\u0e09\u0e25\u0e34\u0e21\u0e44\u0e17\u0e22\u0e2d\u0e27\u0e2d\u0e23\u0e4c\u0e14": 394,
        "the": 378,
        "\u0e2a\u0e21\u0e32\u0e04\u0e21\u0e2d\u0e38\u0e15\u0e2a\u0e32\u0e2b\u0e01\u0e23\u0e23\u0e21\u0e40\u0e04\u0e23\u0e37\u0e48\u0e2d\u0e07\u0e40\u0e23\u0e37\u0e2d\u0e19\u0e44\u0e17\u0e22": 372,
        "\u0e08\u0e2d\u0e23\u0e4c\u0e08": 370,
        "\u0e40\u0e08\u0e21\u0e2a\u0e4c": 350,
        "\u0e2d\u0e35": 332,
        "\u0e23\u0e32\u0e22\u0e0a\u0e37\u0e48\u0e2d\u0e15\u0e31\u0e27\u0e25\u0e30\u0e04\u0e23\u0e43\u0e19\u0e41\u0e1f\u0e23\u0e35\u0e48\u0e40\u0e17\u0e25": 329,
        "\u0e40\u0e14\u0e2d\u0e30": 316,
        "\u0e23\u0e31\u0e10\u0e1b\u0e23\u0e30\u0e2b\u0e32\u0e23\u0e43\u0e19\u0e1b\u0e23\u0e30\u0e40\u0e17\u0e28\u0e44\u0e17\u0e22": 310,
        "\u0e41\u0e2e\u0e23\u0e4c\u0e23\u0e35\u0e48": 309,
        "\u0e23\u0e32\u0e22\u0e0a\u0e37\u0e48\u0e2d\u0e15\u0e2d\u0e19\u0e40\u0e04\u0e42\u0e23\u0e42\u0e23\u0e30": 306,
        "\u0e23\u0e32\u0e22\u0e0a\u0e37\u0e48\u0e2d\u0e40\u0e2b\u0e23\u0e35\u0e22\u0e0d\u0e01\u0e29\u0e32\u0e1b\u0e13\u0e4c\u0e17\u0e35\u0e48\u0e23\u0e30\u0e25\u0e36\u0e01\u0e43\u0e19\u0e1b\u0e23\u0e30\u0e40\u0e17\u0e28\u0e44\u0e17\u0e22": 298,
        "\u0e2a\u0e21\u0e40\u0e14\u0e47\u0e08\u0e1e\u0e23\u0e30\u0e40\u0e08\u0e49\u0e32\u0e1a\u0e23\u0e21\u0e27\u0e07\u0e28\u0e4c\u0e40\u0e18\u0e2d": 294,
        "\u0e21\u0e2b\u0e32\u0e27\u0e34\u0e17\u0e22\u0e32\u0e25\u0e31\u0e22\u0e21\u0e2b\u0e32\u0e08\u0e38\u0e2c\u0e32\u0e25\u0e07\u0e01\u0e23\u0e13\u0e23\u0e32\u0e0a\u0e27\u0e34\u0e17\u0e22\u0e32\u0e25\u0e31\u0e22": 293,
        "\u0e40\u0e2a\u0e49\u0e19\u0e02\u0e19\u0e32\u0e19\u0e17\u0e35\u0e48": 292,
        "\u0e1f\u0e38\u0e15\u0e1a\u0e2d\u0e25\u0e40\u0e1e\u0e37\u0e48\u0e2d\u0e21\u0e34\u0e15\u0e23\u0e20\u0e32\u0e1e": 288,
        "\u0e27\u0e34\u0e25\u0e40\u0e25\u0e35\u0e22\u0e21": 287,
        "\u0e1e\u0e31\u0e01": 283,
        "\u0e2e\u0e2d\u0e19\u0e14\u0e49\u0e32": 281,
        "\u0e1e\u0e23\u0e30\u0e27\u0e23\u0e27\u0e07\u0e28\u0e4c\u0e40\u0e18\u0e2d": 280,
        "\u0e2d\u0e38\u0e17\u0e01\u0e20\u0e31\u0e22\u0e43\u0e19\u0e1b\u0e23\u0e30\u0e40\u0e17\u0e28\u0e44\u0e17\u0e22": 278,
        "\u0e1b\u0e35\u0e40\u0e15\u0e2d\u0e23\u0e4c": 271,
        "\u0e1b\u0e23\u0e30\u0e40\u0e17\u0e28\u0e44\u0e17\u0e22\u0e43\u0e19": 270,
        "\u0e1b\u0e23\u0e30\u0e40\u0e17\u0e28\u0e08\u0e35\u0e19\u0e43\u0e19": 267,
        "\u0e40\u0e14\u0e2d\u0e30\u0e2a\u0e15\u0e32\u0e23\u0e4c": 265,
        "\u0e2a\u0e15\u0e32\u0e23\u0e4c": 264,
        "\u0e1e\u0e23\u0e30\u0e40\u0e08\u0e49\u0e32\u0e27\u0e23\u0e27\u0e07\u0e28\u0e4c\u0e40\u0e18\u0e2d": 261,
        "\u0e40\u0e2d\u0e40\u0e0a\u0e35\u0e22\u0e2a\u0e4c\u0e40\u0e19\u0e47\u0e01\u0e0b\u0e15\u0e4c\u0e17\u0e47\u0e2d\u0e1b\u0e42\u0e21\u0e40\u0e14\u0e25": 258,