,name,map,ndcg
0,"            qid    docid       docno  rank      score                         query
0     4870741#0  4551544   1646630#6     0  20.027253             ONE OK ROCK有多少成员？
1     4870741#0    90776   5394766#1     1  19.915483             ONE OK ROCK有多少成员？
2     4870741#0  1620515   1121752#6     2  19.533924             ONE OK ROCK有多少成员？
3     4870741#0  1713670   1211377#0     3  19.533924             ONE OK ROCK有多少成员？
4     4870741#0  2961665    535802#3     4  19.533924             ONE OK ROCK有多少成员？
...         ...      ...         ...   ...        ...                           ...
3995  1410458#0  3622523  4089415#12   995  10.500290  New World Computing制作组创始人是谁？
3996  1410458#0  4101965    40950#13   996  10.500290  New World Computing制作组创始人是谁？
3997  1410458#0  4153666    56447#18   997  10.500290  New World Computing制作组创始人是谁？
3998  1410458#0  4237481     91963#0   998  10.500290  New World Computing制作组创始人是谁？
3999  1410458#0  4327065   124352#14   999  10.500290  New World Computing制作组创始人是谁？

[4000 rows x 6 columns]",4.508559028491541e-05,0.00034671309621415563
