,name,map,ndcg
0,"          qid   docid     docno  rank      score                                              query
0           0   59604   36221#5     0  26.290745  Je,nchi gani yenye kuzalisha chungwa kwa wingi...
1           0   53991   34224#3     1  24.212843  Je,nchi gani yenye kuzalisha chungwa kwa wingi...
2           0   61649   38655#1     2  21.102803  Je,nchi gani yenye kuzalisha chungwa kwa wingi...
3           0  116008  98037#11     3  20.718259  Je,nchi gani yenye kuzalisha chungwa kwa wingi...
4           0   16536   8113#25     4  20.132684  Je,nchi gani yenye kuzalisha chungwa kwa wingi...
...       ...     ...       ...   ...        ...                                                ...
1889028  2600  124357  103713#2   995   4.432905                                 Nini maana ya data
1889029  2600   28785   16064#3   996   4.430035                                 Nini maana ya data
1889030  2600   50986  33215#59   997   4.428348                                 Nini maana ya data
1889031  2600   42117  23555#13   998   4.418649                                 Nini maana ya data
1889032  2600   82719  72150#15   999   4.415368                                 Nini maana ya data

[1889033 rows x 6 columns]",0.21101728471437445,0.3250330073687749
